--
-- PostgreSQL database dump
--

-- Dumped from database version 16.1
-- Dumped by pg_dump version 16.1

SET statement_timeout = 0;
SET lock_timeout = 0;
SET idle_in_transaction_session_timeout = 0;
SET client_encoding = 'UTF8';
SET standard_conforming_strings = on;
SELECT pg_catalog.set_config('search_path', '', false);
SET check_function_bodies = false;
SET xmloption = content;
SET client_min_messages = warning;
SET row_security = off;

SET default_tablespace = '';

SET default_table_access_method = heap;

--
-- Name: auth_group; Type: TABLE; Schema: public; Owner: postgres
--

CREATE TABLE public.auth_group (
    id integer NOT NULL,
    name character varying(150) NOT NULL
);


ALTER TABLE public.auth_group OWNER TO postgres;

--
-- Name: auth_group_id_seq; Type: SEQUENCE; Schema: public; Owner: postgres
--

ALTER TABLE public.auth_group ALTER COLUMN id ADD GENERATED BY DEFAULT AS IDENTITY (
    SEQUENCE NAME public.auth_group_id_seq
    START WITH 1
    INCREMENT BY 1
    NO MINVALUE
    NO MAXVALUE
    CACHE 1
);


--
-- Name: auth_group_permissions; Type: TABLE; Schema: public; Owner: postgres
--

CREATE TABLE public.auth_group_permissions (
    id bigint NOT NULL,
    group_id integer NOT NULL,
    permission_id integer NOT NULL
);


ALTER TABLE public.auth_group_permissions OWNER TO postgres;

--
-- Name: auth_group_permissions_id_seq; Type: SEQUENCE; Schema: public; Owner: postgres
--

ALTER TABLE public.auth_group_permissions ALTER COLUMN id ADD GENERATED BY DEFAULT AS IDENTITY (
    SEQUENCE NAME public.auth_group_permissions_id_seq
    START WITH 1
    INCREMENT BY 1
    NO MINVALUE
    NO MAXVALUE
    CACHE 1
);


--
-- Name: auth_permission; Type: TABLE; Schema: public; Owner: postgres
--

CREATE TABLE public.auth_permission (
    id integer NOT NULL,
    name character varying(255) NOT NULL,
    content_type_id integer NOT NULL,
    codename character varying(100) NOT NULL
);


ALTER TABLE public.auth_permission OWNER TO postgres;

--
-- Name: auth_permission_id_seq; Type: SEQUENCE; Schema: public; Owner: postgres
--

ALTER TABLE public.auth_permission ALTER COLUMN id ADD GENERATED BY DEFAULT AS IDENTITY (
    SEQUENCE NAME public.auth_permission_id_seq
    START WITH 1
    INCREMENT BY 1
    NO MINVALUE
    NO MAXVALUE
    CACHE 1
);


--
-- Name: django_admin_log; Type: TABLE; Schema: public; Owner: postgres
--

CREATE TABLE public.django_admin_log (
    id integer NOT NULL,
    action_time timestamp with time zone NOT NULL,
    object_id text,
    object_repr character varying(200) NOT NULL,
    action_flag smallint NOT NULL,
    change_message text NOT NULL,
    content_type_id integer,
    user_id bigint NOT NULL,
    CONSTRAINT django_admin_log_action_flag_check CHECK ((action_flag >= 0))
);


ALTER TABLE public.django_admin_log OWNER TO postgres;

--
-- Name: django_admin_log_id_seq; Type: SEQUENCE; Schema: public; Owner: postgres
--

ALTER TABLE public.django_admin_log ALTER COLUMN id ADD GENERATED BY DEFAULT AS IDENTITY (
    SEQUENCE NAME public.django_admin_log_id_seq
    START WITH 1
    INCREMENT BY 1
    NO MINVALUE
    NO MAXVALUE
    CACHE 1
);


--
-- Name: django_content_type; Type: TABLE; Schema: public; Owner: postgres
--

CREATE TABLE public.django_content_type (
    id integer NOT NULL,
    app_label character varying(100) NOT NULL,
    model character varying(100) NOT NULL
);


ALTER TABLE public.django_content_type OWNER TO postgres;

--
-- Name: django_content_type_id_seq; Type: SEQUENCE; Schema: public; Owner: postgres
--

ALTER TABLE public.django_content_type ALTER COLUMN id ADD GENERATED BY DEFAULT AS IDENTITY (
    SEQUENCE NAME public.django_content_type_id_seq
    START WITH 1
    INCREMENT BY 1
    NO MINVALUE
    NO MAXVALUE
    CACHE 1
);


--
-- Name: django_migrations; Type: TABLE; Schema: public; Owner: postgres
--

CREATE TABLE public.django_migrations (
    id bigint NOT NULL,
    app character varying(255) NOT NULL,
    name character varying(255) NOT NULL,
    applied timestamp with time zone NOT NULL
);


ALTER TABLE public.django_migrations OWNER TO postgres;

--
-- Name: django_migrations_id_seq; Type: SEQUENCE; Schema: public; Owner: postgres
--

ALTER TABLE public.django_migrations ALTER COLUMN id ADD GENERATED BY DEFAULT AS IDENTITY (
    SEQUENCE NAME public.django_migrations_id_seq
    START WITH 1
    INCREMENT BY 1
    NO MINVALUE
    NO MAXVALUE
    CACHE 1
);


--
-- Name: django_session; Type: TABLE; Schema: public; Owner: postgres
--

CREATE TABLE public.django_session (
    session_key character varying(40) NOT NULL,
    session_data text NOT NULL,
    expire_date timestamp with time zone NOT NULL
);


ALTER TABLE public.django_session OWNER TO postgres;

--
-- Name: logs_logs_sistema; Type: TABLE; Schema: public; Owner: postgres
--

CREATE TABLE public.logs_logs_sistema (
    id bigint NOT NULL,
    fecha timestamp with time zone NOT NULL,
    "user" character varying(255) NOT NULL,
    accion character varying(255) NOT NULL,
    detalle text NOT NULL,
    modelo character varying(255) NOT NULL
);


ALTER TABLE public.logs_logs_sistema OWNER TO postgres;

--
-- Name: logs_logs_sistema_id_seq; Type: SEQUENCE; Schema: public; Owner: postgres
--

ALTER TABLE public.logs_logs_sistema ALTER COLUMN id ADD GENERATED BY DEFAULT AS IDENTITY (
    SEQUENCE NAME public.logs_logs_sistema_id_seq
    START WITH 1
    INCREMENT BY 1
    NO MINVALUE
    NO MAXVALUE
    CACHE 1
);


--
-- Name: materiales_categoria; Type: TABLE; Schema: public; Owner: postgres
--

CREATE TABLE public.materiales_categoria (
    id bigint NOT NULL,
    codigo_clasificacion character varying(100) NOT NULL,
    nombre character varying(200) NOT NULL,
    es_habilitado boolean NOT NULL,
    fecha_creacion date NOT NULL
);


ALTER TABLE public.materiales_categoria OWNER TO postgres;

--
-- Name: materiales_categoria_id_seq; Type: SEQUENCE; Schema: public; Owner: postgres
--

ALTER TABLE public.materiales_categoria ALTER COLUMN id ADD GENERATED BY DEFAULT AS IDENTITY (
    SEQUENCE NAME public.materiales_categoria_id_seq
    START WITH 1
    INCREMENT BY 1
    NO MINVALUE
    NO MAXVALUE
    CACHE 1
);


--
-- Name: materiales_informacion_material; Type: TABLE; Schema: public; Owner: postgres
--

CREATE TABLE public.materiales_informacion_material (
    id bigint NOT NULL,
    cantidad_paquete integer NOT NULL,
    cantidad_paquete_unidad integer NOT NULL,
    precio_paquete numeric(10,2),
    precio_unidad numeric(10,2),
    total_precio numeric(10,2),
    cantidad integer,
    fecha_creacion timestamp with time zone NOT NULL,
    material_id bigint NOT NULL
);


ALTER TABLE public.materiales_informacion_material OWNER TO postgres;

--
-- Name: materiales_informacion_material_id_seq; Type: SEQUENCE; Schema: public; Owner: postgres
--

ALTER TABLE public.materiales_informacion_material ALTER COLUMN id ADD GENERATED BY DEFAULT AS IDENTITY (
    SEQUENCE NAME public.materiales_informacion_material_id_seq
    START WITH 1
    INCREMENT BY 1
    NO MINVALUE
    NO MAXVALUE
    CACHE 1
);


--
-- Name: materiales_materiales; Type: TABLE; Schema: public; Owner: postgres
--

CREATE TABLE public.materiales_materiales (
    id bigint NOT NULL,
    nombre character varying(255) NOT NULL,
    codigo character varying(255) NOT NULL,
    marca character varying(255) NOT NULL,
    stock integer,
    fecha_creacion timestamp with time zone NOT NULL,
    "tamaño" character varying(255),
    color character varying(100),
    unidad_medida character varying(255),
    material character varying(255),
    codigo_paquete character varying(255),
    es_habilitado boolean NOT NULL,
    categoria_id bigint NOT NULL,
    factura character varying(255) NOT NULL,
    proveedor_id bigint NOT NULL,
    gestion integer,
    unidad_manejo character varying(255),
    cierre_gestion integer NOT NULL
);


ALTER TABLE public.materiales_materiales OWNER TO postgres;

--
-- Name: materiales_materiales_id_seq; Type: SEQUENCE; Schema: public; Owner: postgres
--

ALTER TABLE public.materiales_materiales ALTER COLUMN id ADD GENERATED BY DEFAULT AS IDENTITY (
    SEQUENCE NAME public.materiales_materiales_id_seq
    START WITH 1
    INCREMENT BY 1
    NO MINVALUE
    NO MAXVALUE
    CACHE 1
);


--
-- Name: pedidos_autorizacion_pedido; Type: TABLE; Schema: public; Owner: postgres
--

CREATE TABLE public.pedidos_autorizacion_pedido (
    id bigint NOT NULL,
    estado_autorizacion boolean NOT NULL,
    fecha_de_autorizacion timestamp with time zone,
    usuario_id bigint NOT NULL,
    pedido_id bigint NOT NULL
);


ALTER TABLE public.pedidos_autorizacion_pedido OWNER TO postgres;

--
-- Name: pedidos_autorizacion_pedido_id_seq; Type: SEQUENCE; Schema: public; Owner: postgres
--

ALTER TABLE public.pedidos_autorizacion_pedido ALTER COLUMN id ADD GENERATED BY DEFAULT AS IDENTITY (
    SEQUENCE NAME public.pedidos_autorizacion_pedido_id_seq
    START WITH 1
    INCREMENT BY 1
    NO MINVALUE
    NO MAXVALUE
    CACHE 1
);


--
-- Name: pedidos_pedido; Type: TABLE; Schema: public; Owner: postgres
--

CREATE TABLE public.pedidos_pedido (
    id bigint NOT NULL,
    unidad_manejo character varying(20) NOT NULL,
    numero_pedido character varying,
    cantidad_pedida integer NOT NULL,
    cantidad_entrega integer,
    partida_presupuestada numeric(10,2),
    costo_unidad numeric(10,2),
    costo_total numeric(10,2),
    programa numeric(10,2),
    sub_programa numeric(10,2),
    proyecto numeric(10,2),
    act_u_obra numeric(10,2),
    unidad_ejecucion numeric(10,2),
    codigo_presupuesto numeric(10,2),
    sub_cantidad_pedida integer,
    codigo_numero numeric(10,2),
    aprobado_unidad boolean,
    aprobado_oficina boolean,
    aprobado_almacen boolean,
    estado_pedido_almacen character varying NOT NULL,
    estado_de_pedido character varying NOT NULL,
    fecha_pedido timestamp with time zone NOT NULL,
    fecha_entrega_salida timestamp with time zone,
    material_id bigint NOT NULL,
    usuario_id bigint NOT NULL,
    aprobado_presupuestos boolean,
    aprobado_cardista boolean,
    aprobado_cardista_segunda boolean,
    descripcion text,
    aprobado_cardista_segunda_fecha timestamp with time zone
);


ALTER TABLE public.pedidos_pedido OWNER TO postgres;

--
-- Name: pedidos_pedido_id_seq; Type: SEQUENCE; Schema: public; Owner: postgres
--

ALTER TABLE public.pedidos_pedido ALTER COLUMN id ADD GENERATED BY DEFAULT AS IDENTITY (
    SEQUENCE NAME public.pedidos_pedido_id_seq
    START WITH 1
    INCREMENT BY 1
    NO MINVALUE
    NO MAXVALUE
    CACHE 1
);


--
-- Name: persona_persona; Type: TABLE; Schema: public; Owner: postgres
--

CREATE TABLE public.persona_persona (
    id bigint NOT NULL,
    cedula_identidad character varying(20) NOT NULL,
    nombre character varying(50) NOT NULL,
    apellidos character varying(60) NOT NULL,
    fecha_creacion timestamp with time zone NOT NULL
);


ALTER TABLE public.persona_persona OWNER TO postgres;

--
-- Name: persona_persona_id_seq; Type: SEQUENCE; Schema: public; Owner: postgres
--

ALTER TABLE public.persona_persona ALTER COLUMN id ADD GENERATED BY DEFAULT AS IDENTITY (
    SEQUENCE NAME public.persona_persona_id_seq
    START WITH 1
    INCREMENT BY 1
    NO MINVALUE
    NO MAXVALUE
    CACHE 1
);


--
-- Name: proveedor_proveedor; Type: TABLE; Schema: public; Owner: postgres
--

CREATE TABLE public.proveedor_proveedor (
    id bigint NOT NULL,
    empresa character varying(100) NOT NULL,
    nit character varying(20) NOT NULL,
    telefono character varying(20) NOT NULL,
    correo character varying(255) NOT NULL,
    descripcion text,
    pais character varying(100) NOT NULL,
    direccion character varying(100) NOT NULL,
    fecha_creacion timestamp with time zone NOT NULL,
    es_habilitado boolean NOT NULL,
    persona_id bigint NOT NULL,
    ciudad character varying(100) NOT NULL
);


ALTER TABLE public.proveedor_proveedor OWNER TO postgres;

--
-- Name: proveedor_proveedor_id_seq; Type: SEQUENCE; Schema: public; Owner: postgres
--

ALTER TABLE public.proveedor_proveedor ALTER COLUMN id ADD GENERATED BY DEFAULT AS IDENTITY (
    SEQUENCE NAME public.proveedor_proveedor_id_seq
    START WITH 1
    INCREMENT BY 1
    NO MINVALUE
    NO MAXVALUE
    CACHE 1
);


--
-- Name: usuarios_oficinas; Type: TABLE; Schema: public; Owner: postgres
--

CREATE TABLE public.usuarios_oficinas (
    id bigint NOT NULL,
    nombre character varying(100) NOT NULL,
    unidad_id bigint,
    "esHabilitado" boolean NOT NULL
);


ALTER TABLE public.usuarios_oficinas OWNER TO postgres;

--
-- Name: usuarios_oficinas_id_seq; Type: SEQUENCE; Schema: public; Owner: postgres
--

ALTER TABLE public.usuarios_oficinas ALTER COLUMN id ADD GENERATED BY DEFAULT AS IDENTITY (
    SEQUENCE NAME public.usuarios_oficinas_id_seq
    START WITH 1
    INCREMENT BY 1
    NO MINVALUE
    NO MAXVALUE
    CACHE 1
);


--
-- Name: usuarios_secretaria; Type: TABLE; Schema: public; Owner: postgres
--

CREATE TABLE public.usuarios_secretaria (
    id bigint NOT NULL,
    secretaria character varying(100) NOT NULL,
    "esHabilitado" boolean NOT NULL
);


ALTER TABLE public.usuarios_secretaria OWNER TO postgres;

--
-- Name: usuarios_secretaria_id_seq; Type: SEQUENCE; Schema: public; Owner: postgres
--

ALTER TABLE public.usuarios_secretaria ALTER COLUMN id ADD GENERATED BY DEFAULT AS IDENTITY (
    SEQUENCE NAME public.usuarios_secretaria_id_seq
    START WITH 1
    INCREMENT BY 1
    NO MINVALUE
    NO MAXVALUE
    CACHE 1
);


--
-- Name: usuarios_unidad; Type: TABLE; Schema: public; Owner: postgres
--

CREATE TABLE public.usuarios_unidad (
    id bigint NOT NULL,
    nombre character varying(100) NOT NULL,
    secretaria_id bigint,
    "esHabilitado" boolean NOT NULL
);


ALTER TABLE public.usuarios_unidad OWNER TO postgres;

--
-- Name: usuarios_unidad_id_seq; Type: SEQUENCE; Schema: public; Owner: postgres
--

ALTER TABLE public.usuarios_unidad ALTER COLUMN id ADD GENERATED BY DEFAULT AS IDENTITY (
    SEQUENCE NAME public.usuarios_unidad_id_seq
    START WITH 1
    INCREMENT BY 1
    NO MINVALUE
    NO MAXVALUE
    CACHE 1
);


--
-- Name: usuarios_usuario; Type: TABLE; Schema: public; Owner: postgres
--

CREATE TABLE public.usuarios_usuario (
    id bigint NOT NULL,
    last_login timestamp with time zone,
    is_superuser boolean NOT NULL,
    username character varying(150) NOT NULL,
    password character varying(128) NOT NULL,
    email character varying(255),
    item character varying(100),
    is_staff character varying NOT NULL,
    cargo character varying NOT NULL,
    crear boolean NOT NULL,
    editar boolean NOT NULL,
    eliminar boolean NOT NULL,
    rol character varying(250) NOT NULL,
    es_habilitado boolean NOT NULL,
    es_activo boolean NOT NULL,
    persona_id bigint NOT NULL,
    oficina_id bigint,
    unidad_id bigint,
    foto character varying(100)
);


ALTER TABLE public.usuarios_usuario OWNER TO postgres;

--
-- Name: usuarios_usuario_groups; Type: TABLE; Schema: public; Owner: postgres
--

CREATE TABLE public.usuarios_usuario_groups (
    id bigint NOT NULL,
    usuario_id bigint NOT NULL,
    group_id integer NOT NULL
);


ALTER TABLE public.usuarios_usuario_groups OWNER TO postgres;

--
-- Name: usuarios_usuario_groups_id_seq; Type: SEQUENCE; Schema: public; Owner: postgres
--

ALTER TABLE public.usuarios_usuario_groups ALTER COLUMN id ADD GENERATED BY DEFAULT AS IDENTITY (
    SEQUENCE NAME public.usuarios_usuario_groups_id_seq
    START WITH 1
    INCREMENT BY 1
    NO MINVALUE
    NO MAXVALUE
    CACHE 1
);


--
-- Name: usuarios_usuario_id_seq; Type: SEQUENCE; Schema: public; Owner: postgres
--

ALTER TABLE public.usuarios_usuario ALTER COLUMN id ADD GENERATED BY DEFAULT AS IDENTITY (
    SEQUENCE NAME public.usuarios_usuario_id_seq
    START WITH 1
    INCREMENT BY 1
    NO MINVALUE
    NO MAXVALUE
    CACHE 1
);


--
-- Name: usuarios_usuario_user_permissions; Type: TABLE; Schema: public; Owner: postgres
--

CREATE TABLE public.usuarios_usuario_user_permissions (
    id bigint NOT NULL,
    usuario_id bigint NOT NULL,
    permission_id integer NOT NULL
);


ALTER TABLE public.usuarios_usuario_user_permissions OWNER TO postgres;

--
-- Name: usuarios_usuario_user_permissions_id_seq; Type: SEQUENCE; Schema: public; Owner: postgres
--

ALTER TABLE public.usuarios_usuario_user_permissions ALTER COLUMN id ADD GENERATED BY DEFAULT AS IDENTITY (
    SEQUENCE NAME public.usuarios_usuario_user_permissions_id_seq
    START WITH 1
    INCREMENT BY 1
    NO MINVALUE
    NO MAXVALUE
    CACHE 1
);


--
-- Data for Name: auth_group; Type: TABLE DATA; Schema: public; Owner: postgres
--

COPY public.auth_group (id, name) FROM stdin;
\.


--
-- Data for Name: auth_group_permissions; Type: TABLE DATA; Schema: public; Owner: postgres
--

COPY public.auth_group_permissions (id, group_id, permission_id) FROM stdin;
\.


--
-- Data for Name: auth_permission; Type: TABLE DATA; Schema: public; Owner: postgres
--

COPY public.auth_permission (id, name, content_type_id, codename) FROM stdin;
1	Can add persona	1	add_persona
2	Can change persona	1	change_persona
3	Can delete persona	1	delete_persona
4	Can view persona	1	view_persona
5	Can add logs_sistema	2	add_logs_sistema
6	Can change logs_sistema	2	change_logs_sistema
7	Can delete logs_sistema	2	delete_logs_sistema
8	Can view logs_sistema	2	view_logs_sistema
9	Can add proveedor	3	add_proveedor
10	Can change proveedor	3	change_proveedor
11	Can delete proveedor	3	delete_proveedor
12	Can view proveedor	3	view_proveedor
13	Can add categoria	4	add_categoria
14	Can change categoria	4	change_categoria
15	Can delete categoria	4	delete_categoria
16	Can view categoria	4	view_categoria
17	Can add factura	5	add_factura
18	Can change factura	5	change_factura
19	Can delete factura	5	delete_factura
20	Can view factura	5	view_factura
21	Can add materiales	6	add_materiales
22	Can change materiales	6	change_materiales
23	Can delete materiales	6	delete_materiales
24	Can view materiales	6	view_materiales
25	Can add informacion_material	7	add_informacion_material
26	Can change informacion_material	7	change_informacion_material
27	Can delete informacion_material	7	delete_informacion_material
28	Can view informacion_material	7	view_informacion_material
29	Can add autorizacion_pedido	8	add_autorizacion_pedido
30	Can change autorizacion_pedido	8	change_autorizacion_pedido
31	Can delete autorizacion_pedido	8	delete_autorizacion_pedido
32	Can view autorizacion_pedido	8	view_autorizacion_pedido
33	Can add pedido	9	add_pedido
34	Can change pedido	9	change_pedido
35	Can delete pedido	9	delete_pedido
36	Can view pedido	9	view_pedido
37	Can add secretaria	10	add_secretaria
38	Can change secretaria	10	change_secretaria
39	Can delete secretaria	10	delete_secretaria
40	Can view secretaria	10	view_secretaria
41	Can add unidad	11	add_unidad
42	Can change unidad	11	change_unidad
43	Can delete unidad	11	delete_unidad
44	Can view unidad	11	view_unidad
45	Can add oficinas	12	add_oficinas
46	Can change oficinas	12	change_oficinas
47	Can delete oficinas	12	delete_oficinas
48	Can view oficinas	12	view_oficinas
49	Can add usuario	13	add_usuario
50	Can change usuario	13	change_usuario
51	Can delete usuario	13	delete_usuario
52	Can view usuario	13	view_usuario
53	Can add log entry	14	add_logentry
54	Can change log entry	14	change_logentry
55	Can delete log entry	14	delete_logentry
56	Can view log entry	14	view_logentry
57	Can add permission	15	add_permission
58	Can change permission	15	change_permission
59	Can delete permission	15	delete_permission
60	Can view permission	15	view_permission
61	Can add group	16	add_group
62	Can change group	16	change_group
63	Can delete group	16	delete_group
64	Can view group	16	view_group
65	Can add content type	17	add_contenttype
66	Can change content type	17	change_contenttype
67	Can delete content type	17	delete_contenttype
68	Can view content type	17	view_contenttype
69	Can add session	18	add_session
70	Can change session	18	change_session
71	Can delete session	18	delete_session
72	Can view session	18	view_session
\.


--
-- Data for Name: django_admin_log; Type: TABLE DATA; Schema: public; Owner: postgres
--

COPY public.django_admin_log (id, action_time, object_id, object_repr, action_flag, change_message, content_type_id, user_id) FROM stdin;
\.


--
-- Data for Name: django_content_type; Type: TABLE DATA; Schema: public; Owner: postgres
--

COPY public.django_content_type (id, app_label, model) FROM stdin;
1	persona	persona
2	logs	logs_sistema
3	proveedor	proveedor
4	materiales	categoria
5	materiales	factura
6	materiales	materiales
7	materiales	informacion_material
8	pedidos	autorizacion_pedido
9	pedidos	pedido
10	usuarios	secretaria
11	usuarios	unidad
12	usuarios	oficinas
13	usuarios	usuario
14	admin	logentry
15	auth	permission
16	auth	group
17	contenttypes	contenttype
18	sessions	session
\.


--
-- Data for Name: django_migrations; Type: TABLE DATA; Schema: public; Owner: postgres
--

COPY public.django_migrations (id, app, name, applied) FROM stdin;
1	contenttypes	0001_initial	2024-10-11 21:54:03.045652-04
2	persona	0001_initial	2024-10-11 21:54:34.65716-04
3	contenttypes	0002_remove_content_type_name	2024-10-11 21:54:34.666191-04
4	auth	0001_initial	2024-10-11 21:54:34.734001-04
5	auth	0002_alter_permission_name_max_length	2024-10-11 21:54:34.744001-04
6	auth	0003_alter_user_email_max_length	2024-10-11 21:54:34.751579-04
7	auth	0004_alter_user_username_opts	2024-10-11 21:54:34.762574-04
8	auth	0005_alter_user_last_login_null	2024-10-11 21:54:34.773583-04
9	auth	0006_require_contenttypes_0002	2024-10-11 21:54:34.775579-04
10	auth	0007_alter_validators_add_error_messages	2024-10-11 21:54:34.782579-04
11	auth	0008_alter_user_username_max_length	2024-10-11 21:54:34.792587-04
12	auth	0009_alter_user_last_name_max_length	2024-10-11 21:54:34.800575-04
13	auth	0010_alter_group_name_max_length	2024-10-11 21:54:34.814314-04
14	auth	0011_update_proxy_permissions	2024-10-11 21:54:34.823192-04
15	auth	0012_alter_user_first_name_max_length	2024-10-11 21:54:34.833187-04
16	usuarios	0001_initial	2024-10-11 21:54:35.007957-04
17	admin	0001_initial	2024-10-11 21:54:35.057959-04
18	admin	0002_logentry_remove_auto_add	2024-10-11 21:54:35.078956-04
19	admin	0003_logentry_add_action_flag_choices	2024-10-11 21:54:35.093958-04
20	logs	0001_initial	2024-10-11 21:54:35.111512-04
21	proveedor	0001_initial	2024-10-11 21:54:35.152604-04
22	materiales	0001_initial	2024-10-11 21:54:35.304541-04
23	pedidos	0001_initial	2024-10-11 21:54:35.334537-04
24	pedidos	0002_initial	2024-10-11 21:54:35.507937-04
25	sessions	0001_initial	2024-10-11 21:54:35.529907-04
26	usuarios	0002_usuario_foto	2024-10-12 22:41:47.837617-04
27	usuarios	0003_alter_usuario_foto	2024-10-12 22:58:30.890337-04
28	materiales	0002_materiales_gestion	2024-10-15 21:41:22.4778-04
29	materiales	0003_materiales_unidad_manejo	2024-10-15 22:04:17.388387-04
30	materiales	0004_materiales_cierre_gestion	2024-10-15 23:21:51.938883-04
31	materiales	0005_alter_materiales_gestion	2024-10-16 21:21:15.176978-04
32	materiales	0006_alter_materiales_codigo	2024-10-16 22:16:38.7604-04
33	materiales	0007_alter_materiales_codigo_paquete	2024-10-16 22:19:02.670496-04
34	pedidos	0003_pedido_aprobado_presupuestos_and_more	2024-10-17 22:26:41.632193-04
35	usuarios	0004_alter_usuario_cargo	2024-10-17 22:26:41.665166-04
36	pedidos	0004_rename_aprobado_secretario_pedido_aprobado_cardista	2024-10-17 22:38:39.805007-04
37	usuarios	0005_alter_usuario_cargo	2024-10-17 22:38:39.824217-04
38	usuarios	0006_oficinas_eshabilitado_secretaria_eshabilitado_and_more	2024-10-21 21:40:24.173625-04
39	materiales	0008_alter_materiales_factura_delete_factura	2024-10-28 21:57:06.241836-04
40	usuarios	0007_alter_usuario_cargo	2024-10-28 21:57:06.315303-04
41	pedidos	0005_pedido_aprobado_cardista_segunda_pedido_descripcion	2024-11-14 21:43:52.922339-04
42	pedidos	0006_alter_pedido_costo_total_alter_pedido_costo_unidad_and_more	2024-11-16 22:07:37.985775-04
43	materiales	0002_alter_informacion_material_precio_paquete_and_more	2024-11-20 23:21:08.156242-04
44	pedidos	0003_pedido_aprobado_cardista_segunda_fecha	2024-11-23 17:36:48.40297-04
45	proveedor	0002_proveedor_ciudad	2024-11-30 22:06:50.512271-04
46	pedidos	0004_alter_pedido_numero_pedido	2024-11-30 22:17:55.915414-04
\.


--
-- Data for Name: django_session; Type: TABLE DATA; Schema: public; Owner: postgres
--

COPY public.django_session (session_key, session_data, expire_date) FROM stdin;
qnvm6qe8y0l3bwuqrx34yu0uit25mgmx	.eJxVjEEOwiAQRe_C2hCYMoW6dO8ZyAwDUjVtUtqV8e7apAvd_vfef6lI21rj1vISR1FnBer0uzGlR552IHeabrNO87QuI-td0Qdt-jpLfl4O9--gUqvf2llHiYyAC1iIBuahx84zY_GpCPjSey44BAvCqbAY7KwxGKALGQjU-wP6Tjgo:1tHZlO:54hcBPkLaxLqgTv6nsmf3i0UNsUIn-AkrEa63u1UG_0	2024-12-14 22:32:46.746117-04
4rz02ivvszggwcs89pbqznfglhljrwof	.eJxVjMEOwiAQRP-FsyELVOh69O43kAUWqRqalPZk_Hdp0oMmc5r3Zt7C07YWvzVe_JTERShx-u0CxSfXHaQH1fss41zXZQpyV-RBm7zNiV_Xw_07KNRKX0fAMCrAaHKPDqCVdcliNgyEjpnjWQ9GaXSaCUfMGUJHQyYylkF8vuP0OC4:1tBlos:ywpzcfAk3hmxFHdvXvbubed4mXzO5tQpO676nivr9e0	2024-11-28 22:12:22.891612-04
ofy5ilnefeh2nndeyai0i6xvxwwitwj7	.eJxVjMsOwiAQRf-FtSE8y-DSvd9AGGCkaiAp7cr479qkC93ec859sRC3tYZtlCXMmZ2ZZaffDWN6lLaDfI_t1nnqbV1m5LvCDzr4tefyvBzu30GNo35rQiAnSfsJC6EE7Q1kQUqTRemSAZuEVoqi95MRUnlHSOBIFvISDLD3B-mmN5w:1t3Qzx:VeRu9swjxQbC24O-fjsA92vMJMQoFl9boqVvtayQBFM	2024-11-05 22:21:21.021169-04
jin8j4weuzr5ahbz2wlyzv3il2e9aj1h	.eJxVjMsOwiAQRf-FtSEwtjxcuu83kIFhpGpoUtqV8d-VpAvd3nPOfYmA-1bC3vIaZhIXMYjT7xYxPXLtgO5Yb4tMS93WOcquyIM2OS2Un9fD_Tso2EqvDfM5jqA0oAYH0SJ44oRWG_Y2Wg_OGvCa0RHjMBqKRjllvwyzzuL9AeGIN-E:1t3R1p:MfTTv__kCeEyq35ReO0ZSXLopMgKY14zQU6ZK6ddX40	2024-11-05 22:23:17.197133-04
vyv6yrdcuoekt95nxv6m4lgi8rsj1xjv	.eJxVjMEOwiAQRP-FsyEFlsp69N5vICwLUjU0Ke3J-O9K0oMeZ96beQkf9q34vaXVzywuwojTb0chPlLtgO-h3hYZl7qtM8muyIM2OS2cntfD_TsooZXvWus8olMxOlBkLRhgGGNmBs7OIBty5wFR9UQqIegUCSho6zjxgOL9Ad1rOBk:1t3QZ3:O87e_bIKFvo2_CadYT64o8-rl02-L-i33FqxCBlHqvU	2024-11-05 21:53:33.731227-04
t87vac77woet08hcjgtheeusxdyulc1o	.eJxVjMEOwiAQRP-FsyELVOh69O43kAUWqRqalPZk_Hdp0oMmc5r3Zt7C07YWvzVe_JTERShx-u0CxSfXHaQH1fss41zXZQpyV-RBm7zNiV_Xw_07KNRKX0fAMCrAaHKPDqCVdcliNgyEjpnjWQ9GaXSaCUfMGUJHQyYylkF8vuP0OC4:1tHr09:-Z4Hpscghxgy078VRRvaSPzulW577mJoa6PphExOBZY	2024-12-15 16:57:09.2936-04
f5n8rqflxddjr3uxydh41t3u5poiik28	.eJxVjEEOwiAQRe_C2hCYMoW6dO8ZyAwDUjVtUtqV8e7apAvd_vfef6lI21rj1vISR1FnBer0uzGlR552IHeabrNO87QuI-td0Qdt-jpLfl4O9--gUqvf2llHiYyAC1iIBuahx84zY_GpCPjSey44BAvCqbAY7KwxGKALGQjU-wP6Tjgo:1t5xmC:JssD-fFXf2rEw87lkEWhx3uzEj8gtwR56PNLithisTQ	2024-11-12 21:45:36.845395-04
lid7doi2cpgq53stbq5g1cucreecsopz	.eJxVjDsOwjAQRO_iGln-x6akzxmstXeNA8iR4qRC3J1ESgHSVPPezJtF2NYat05LnJBd2cAuv12C_KR2AHxAu888z21dpsQPhZ-083FGet1O9--gQq_7WmqZAwpwSdisAimdNaqAgyBDAM4r7RQIbYq3GGQxvui0h5IDYZVgny_daze_:1t5xvx:PlgeOnKiMhgX9bP_-40YmnhEDuhsrCbqKLkyf3o4srM	2024-11-12 21:55:41.926169-04
1d4grvh8g1nrlt87y9thw49703az6zhh	.eJxVjMEOwiAQRP-FsyELVOh69O43kAUWqRqalPZk_Hdp0oMmc5r3Zt7C07YWvzVe_JTERShx-u0CxSfXHaQH1fss41zXZQpyV-RBm7zNiV_Xw_07KNRKX0fAMCrAaHKPDqCVdcliNgyEjpnjWQ9GaXSaCUfMGUJHQyYylkF8vuP0OC4:1t0Xhe:DiX2GvtZ99jvbMGtxxjM72HWe3KiWGm5jyE29qza6c8	2024-10-28 22:54:30.246505-04
a05kyie8cxpz3b380ltgnr2uub109vym	.eJxVjMsOwiAQRf-FtSEwtjxcuu83kIFhpGpoUtqV8d-VpAvd3nPOfYmA-1bC3vIaZhIXMYjT7xYxPXLtgO5Yb4tMS93WOcquyIM2OS2Un9fD_Tso2EqvDfM5jqA0oAYH0SJ44oRWG_Y2Wg_OGvCa0RHjMBqKRjllvwyzzuL9AeGIN-E:1tExtu:IszyKo2TItl6bzGY8Ga3PfC38WiNHvf2SSKgLDMJ0-o	2024-12-07 17:42:46.007271-04
gp0c6c3rn8qklb6x2ym6be1gfrb7lop3	.eJxVjMEOwiAQRP-FsyELVOh69O43kAUWqRqalPZk_Hdp0oMmc5r3Zt7C07YWvzVe_JTERShx-u0CxSfXHaQH1fss41zXZQpyV-RBm7zNiV_Xw_07KNRKX0fAMCrAaHKPDqCVdcliNgyEjpnjWQ9GaXSaCUfMGUJHQyYylkF8vuP0OC4:1t7lsx:jyzunJEC12xnJWiOTzCY0eUruIMNmr3k1uLf1x3sfbo	2024-11-17 21:28:03.440101-04
ssffptfwcwhgcv1054u1abtd0kkwwywq	.eJxVjMsOwiAQRf-FtSEwtjxcuu83kIFhpGpoUtqV8d-VpAvd3nPOfYmA-1bC3vIaZhIXMYjT7xYxPXLtgO5Yb4tMS93WOcquyIM2OS2Un9fD_Tso2EqvDfM5jqA0oAYH0SJ44oRWG_Y2Wg_OGvCa0RHjMBqKRjllvwyzzuL9AeGIN-E:1t7nSc:6hGx1ELzF6KwwDIltxS9mzPBXDckEmyMfV0RsZZ7rrE	2024-11-17 23:08:58.022275-04
\.


--
-- Data for Name: logs_logs_sistema; Type: TABLE DATA; Schema: public; Owner: postgres
--

COPY public.logs_logs_sistema (id, fecha, "user", accion, detalle, modelo) FROM stdin;
1	2024-10-11 21:55:49.610557-04	superadmin	Creación de Usuarios	Se ha creado una nuevo usuario: almacen	Usuario
2	2024-10-11 21:57:20.896494-04	almacen	Creación de categoría	Se ha creado una nueva categoría: Escritorio	Categoria
3	2024-10-11 21:58:19.266725-04	almacen	Registrado	Se ha creado una nuevo material: galleta con el codigo 100-Pz-20-325342	Materiales
4	2024-10-11 22:21:21.431901-04	almacen	Registro	Se registro una nueva cantidad al material con el código: 100-Pz-20-325342	Materiales
5	2024-10-11 23:00:07.083397-04	superadmin	Creación de Usuarios	Se ha creado una nuevo usuario: unidad	Usuario
6	2024-10-12 22:51:12.000697-04	superadmin	Creación de Usuarios	Se ha creado una nuevo usuario: 123	Usuario
7	2024-10-12 22:54:28.405464-04	superadmin	Creación de Usuarios	Se ha creado una nuevo usuario: pepe	Usuario
8	2024-10-12 23:01:20.33363-04	superadmin	Creación de Usuarios	Se ha creado una nuevo usuario: lola	Usuario
9	2024-10-12 23:24:16.590128-04	superadmin	Edicion de Usuario	Se ha editado el usuario: almacen	Usuario
10	2024-10-12 23:24:49.493629-04	superadmin	Edicion de Usuario	Se ha editado el usuario: unidad	Usuario
11	2024-10-12 23:25:18.163399-04	superadmin	Edicion de Usuario	Se ha editado el usuario: pepe	Usuario
12	2024-10-12 23:26:08.821519-04	superadmin	Edicion de Usuario	Se ha editado el usuario: pepe	Usuario
13	2024-10-12 23:30:37.210998-04	superadmin	Edicion de Usuario	Se ha editado el usuario: 123	Usuario
14	2024-10-12 23:31:05.636371-04	superadmin	Edicion de Usuario	Se ha editado el usuario: 123	Usuario
15	2024-10-12 23:31:56.81784-04	superadmin	Edicion de Usuario	Se ha editado el usuario: 123	Usuario
16	2024-10-12 23:34:01.884491-04	superadmin	Edicion de Usuario	Se ha editado el usuario: unidad	Usuario
17	2024-10-12 23:42:03.575197-04	superadmin	Edicion de Usuario	Se ha editado el usuario: unidad	Usuario
18	2024-10-12 23:42:58.455696-04	superadmin	Edicion de Usuario	Se ha editado el usuario: unidad	Usuario
19	2024-10-12 23:43:48.777026-04	superadmin	Edicion de Usuario	Se ha editado el usuario: unidad	Usuario
20	2024-10-12 23:44:12.501459-04	superadmin	Edicion de Usuario	Se ha editado el usuario: unidad	Usuario
21	2024-10-12 23:44:32.117591-04	superadmin	Edicion de Usuario	Se ha editado el usuario: unidad	Usuario
22	2024-10-12 23:44:43.456319-04	superadmin	Edicion de Usuario	Se ha editado el usuario: unidad	Usuario
23	2024-10-12 23:44:52.639454-04	superadmin	Edicion de Usuario	Se ha editado el usuario: unidad	Usuario
24	2024-10-12 23:45:05.809108-04	superadmin	Edicion de Usuario	Se ha editado el usuario: unidad	Usuario
25	2024-10-12 23:45:12.950471-04	superadmin	Edicion de Usuario	Se ha editado el usuario: unidad	Usuario
26	2024-10-12 23:45:38.64823-04	superadmin	Edicion de Usuario	Se ha editado el usuario: unidad	Usuario
27	2024-10-12 23:45:48.749658-04	superadmin	Edicion de Usuario	Se ha editado el usuario: unidad	Usuario
28	2024-10-12 23:46:43.007221-04	superadmin	Edicion de Usuario	Se ha editado el usuario: unidad	Usuario
29	2024-10-12 23:47:21.178735-04	superadmin	Edicion de Usuario	Se ha editado el usuario: unidad	Usuario
30	2024-10-12 23:47:29.914306-04	superadmin	Edicion de Usuario	Se ha editado el usuario: unidad	Usuario
31	2024-10-12 23:47:54.598188-04	superadmin	Edicion de Usuario	Se ha editado el usuario: unidad	Usuario
32	2024-10-12 23:48:00.240781-04	superadmin	Edicion de Usuario	Se ha editado el usuario: unidad	Usuario
33	2024-10-12 23:48:40.681995-04	superadmin	Edicion de Usuario	Se ha editado el usuario: unidad	Usuario
34	2024-10-12 23:48:48.72618-04	superadmin	Edicion de Usuario	Se ha editado el usuario: unidad	Usuario
35	2024-10-12 23:49:08.42222-04	superadmin	Edicion de Usuario	Se ha editado el usuario: unidad	Usuario
36	2024-10-12 23:49:21.750725-04	superadmin	Edicion de Usuario	Se ha editado el usuario: unidad	Usuario
37	2024-10-12 23:49:30.9722-04	superadmin	Edicion de Usuario	Se ha editado el usuario: unidad	Usuario
38	2024-10-12 23:49:54.724042-04	superadmin	Edicion de Usuario	Se ha editado el usuario: unidad	Usuario
39	2024-10-12 23:50:06.105855-04	superadmin	Edicion de Usuario	Se ha editado el usuario: unidad	Usuario
40	2024-10-12 23:50:20.740043-04	superadmin	Edicion de Usuario	Se ha editado el usuario: unidad	Usuario
41	2024-10-12 23:50:40.543303-04	superadmin	Edicion de Usuario	Se ha editado el usuario: unidad	Usuario
42	2024-10-12 23:50:53.392131-04	superadmin	Edicion de Usuario	Se ha editado el usuario: unidad	Usuario
43	2024-10-12 23:51:07.963234-04	superadmin	Edicion de Usuario	Se ha editado el usuario: unidad	Usuario
44	2024-10-12 23:51:15.386755-04	superadmin	Edicion de Usuario	Se ha editado el usuario: unidad	Usuario
45	2024-10-12 23:52:42.209175-04	superadmin	Edicion de Usuario	Se ha editado el usuario: unidad	Usuario
46	2024-10-12 23:53:03.938224-04	superadmin	Edicion de Usuario	Se ha editado el usuario: unidad	Usuario
47	2024-10-12 23:53:57.075745-04	superadmin	Edicion de Usuario	Se ha editado el usuario: unidad	Usuario
48	2024-10-12 23:55:34.667305-04	superadmin	Edicion de Usuario	Se ha editado el usuario: unidad	Usuario
49	2024-10-12 23:55:37.522069-04	superadmin	Edicion de Usuario	Se ha editado el usuario: unidad	Usuario
50	2024-10-12 23:58:06.207984-04	superadmin	Edicion de Usuario	Se ha editado el usuario: unidad	Usuario
51	2024-10-12 23:58:21.006872-04	superadmin	Edicion de Usuario	Se ha editado el usuario: unidad	Usuario
52	2024-10-12 23:58:23.18705-04	superadmin	Edicion de Usuario	Se ha editado el usuario: unidad	Usuario
53	2024-10-12 23:58:27.364273-04	superadmin	Edicion de Usuario	Se ha editado el usuario: unidad	Usuario
54	2024-10-12 23:58:50.77341-04	superadmin	Edicion de Usuario	Se ha editado el usuario: unidad	Usuario
55	2024-10-12 23:59:04.588801-04	superadmin	Edicion de Usuario	Se ha editado el usuario: unidad	Usuario
56	2024-10-12 23:59:27.937546-04	superadmin	Edicion de Usuario	Se ha editado el usuario: unidad	Usuario
57	2024-10-13 00:00:19.127333-04	superadmin	Edicion de Usuario	Se ha editado el usuario: unidad	Usuario
58	2024-10-13 00:00:54.0587-04	superadmin	Edicion de Usuario	Se ha editado el usuario: unidad	Usuario
59	2024-10-13 00:01:12.243806-04	superadmin	Edicion de Usuario	Se ha editado el usuario: unidad	Usuario
60	2024-10-13 00:01:27.137068-04	superadmin	Edicion de Usuario	Se ha editado el usuario: unidad	Usuario
61	2024-10-13 00:01:45.548797-04	superadmin	Edicion de Usuario	Se ha editado el usuario: unidad	Usuario
62	2024-10-13 00:02:00.85221-04	superadmin	Edicion de Usuario	Se ha editado el usuario: unidad	Usuario
63	2024-10-13 00:02:06.635872-04	superadmin	Edicion de Usuario	Se ha editado el usuario: unidad	Usuario
64	2024-10-13 00:02:35.743557-04	superadmin	Edicion de Usuario	Se ha editado el usuario: unidad	Usuario
65	2024-10-13 00:02:48.471471-04	superadmin	Edicion de Usuario	Se ha editado el usuario: unidad	Usuario
66	2024-10-13 21:42:09.177866-04	superadmin	Edicion de Usuario	Se ha editado el usuario: lola	Usuario
67	2024-10-13 21:42:34.24228-04	superadmin	Edicion de Usuario	Se ha editado el usuario: unidad	Usuario
68	2024-10-13 21:42:50.773486-04	superadmin	Edicion de Usuario	Se ha editado el usuario: unidad	Usuario
69	2024-10-13 21:43:47.196745-04	unidad	Edicion de Usuario	Se ha editado el usuario: unidad	Usuario
70	2024-10-13 21:45:53.605889-04	unidad	Edicion de Usuario	Se ha editado el usuario: unidad	Usuario
71	2024-10-13 21:46:38.891441-04	unidad	Edicion de Usuario	Se ha editado el usuario: unidad	Usuario
72	2024-10-13 21:46:46.997698-04	unidad	Edicion de Usuario	Se ha editado el usuario: unidad	Usuario
73	2024-10-13 22:00:25.530494-04	superadmin	Edicion de Usuario	Se ha editado el usuario: unidad	Usuario
74	2024-10-13 22:01:59.946816-04	superadmin	Edicion de Usuario	Se ha editado el usuario: almacen	Usuario
75	2024-10-13 22:02:55.477495-04	superadmin	Edicion de Usuario	Se ha editado el usuario: almacen	Usuario
76	2024-10-13 22:03:07.925-04	superadmin	Edicion de Usuario	Se ha editado el usuario: almacen	Usuario
77	2024-10-13 22:03:16.766963-04	superadmin	Edicion de Usuario	Se ha editado el usuario: almacen	Usuario
78	2024-10-13 22:03:20.516016-04	superadmin	Edicion de Usuario	Se ha editado el usuario: almacen	Usuario
79	2024-10-13 22:03:32.281462-04	superadmin	Edicion de Usuario	Se ha editado el usuario: almacen	Usuario
80	2024-10-13 22:03:43.095639-04	superadmin	Edicion de Usuario	Se ha editado el usuario: almacen	Usuario
81	2024-10-13 22:04:16.285956-04	superadmin	Edicion de Usuario	Se ha editado el usuario: unidad	Usuario
82	2024-10-13 22:04:21.158481-04	superadmin	Edicion de Usuario	Se ha editado el usuario: superadmin	Usuario
83	2024-10-13 22:04:48.425703-04	superadmin	Edicion de Usuario	Se ha editado el usuario: superadmin	Usuario
84	2024-10-13 22:05:20.065134-04	superadmin	Edicion de Usuario	Se ha editado el usuario: superadmin	Usuario
85	2024-10-13 22:05:36.946073-04	superadmin	Edicion de Usuario	Se ha editado el usuario: almacen	Usuario
86	2024-10-14 22:07:45.470555-04	unidad	Pedido	El usuario unidad ha realizado un pedido 7. 	Pedidos
87	2024-10-14 22:10:13.148675-04	unidad	Realizar pedido	El usuario unidad ha realizado un pedido 8 con el id. 	Pedidos
88	2024-10-14 22:14:21.587621-04	unidad	Seleccionar pedido	El usuario unidad ha seleccionado un pedido con el ID 9.	Pedidos
89	2024-10-14 22:14:26.821552-04	unidad	Realizar pedido	El usuario unidad ha realizado un pedido con el ID 9.	Pedidos
90	2024-10-14 22:14:26.833131-04	unidad	Realizar pedido	El usuario unidad ha realizado un pedido con el ID 8.	Pedidos
91	2024-10-14 22:31:23.824582-04	almacen	Ingreso exitoso	El usuario almacen ha ingresado al sistema exitosamente.	Usuario
92	2024-10-14 22:33:54.666887-04	el pepe	Intento de ingreso fallido	El usuario el pepe intentó ingresar al sistema, pero la autenticación falló.	Usuario
93	2024-10-14 22:37:47.029418-04	superadministardor	Intento de ingreso fallido	El usuario superadministardor intentó ingresar al sistema, pero la autenticación falló.	Usuario
94	2024-10-14 22:38:18.239163-04	superadmin	Ingreso exitoso	El usuario superadmin ha ingresado al sistema exitosamente.	Usuario
95	2024-10-14 22:47:17.386344-04	superadmin	Creación de Usuarios	Se ha creado una nuevo usuario: aux	Usuario
96	2024-10-14 22:47:29.643149-04	aux	Ingreso exitoso	El usuario aux ha ingresado al sistema exitosamente.	Usuario
97	2024-10-14 22:54:22.584102-04	superadmin	Intento de ingreso fallido	El usuario superadmin intentó ingresar al sistema, pero la autenticación falló.	Usuario
98	2024-10-14 22:54:30.238131-04	superadmin	Ingreso exitoso	El usuario superadmin ha ingresado al sistema exitosamente.	Usuario
99	2024-10-14 22:54:38.968453-04	superadmin	Edicion de Usuario	Se ha editado el usuario: aux	Usuario
100	2024-10-14 22:55:29.392175-04	almacen	Ingreso exitoso	El usuario almacen ha ingresado al sistema exitosamente.	Usuario
101	2024-10-14 23:04:21.783446-04	almacen	Creación de categoría	Se ha creado una nueva categoría: Pepe	Categoria
102	2024-10-14 23:05:52.761871-04	almacen	Registrado	Se ha creado una nuevo material: Telefono con el codigo 1212-2020-1010	Materiales
103	2024-10-15 21:42:55.198171-04	almacen	Ingreso exitoso	El usuario almacen ha ingresado al sistema exitosamente.	Usuario
104	2024-10-15 21:45:42.822101-04	almacen	Registrado	Se ha creado una nuevo material: Juan Carlos con el codigo 1212-Pz-20443-325342	Materiales
105	2024-10-15 22:00:04.08385-04	almacen	Registrado	Se ha creado una nuevo material: Maribel con el codigo 1212-Pz-20-325342	Materiales
106	2024-10-16 21:19:19.964026-04	alamcenes	Intento de ingreso fallido	El usuario alamcenes intentó ingresar al sistema, pero la autenticación falló.	Usuario
107	2024-10-16 21:19:36.875555-04	almacen	Ingreso exitoso	El usuario almacen ha ingresado al sistema exitosamente.	Usuario
108	2024-10-16 22:12:43.32423-04	almacen	Ingreso exitoso	El usuario almacen ha ingresado al sistema exitosamente.	Usuario
109	2024-10-16 22:19:43.157225-04	almacen	Ingreso exitoso	El usuario almacen ha ingresado al sistema exitosamente.	Usuario
110	2024-10-16 22:44:27.944925-04	almacen	Registrado	Se ha creado una nuevo material: Juan Carlos con el codigo 100-Pz-20443-325342	Materiales
111	2024-10-16 23:36:32.198416-04	almacen	Registrado	Se ha creado una nuevo material: Maribel con el codigo 100-30056789-678907890	Materiales
112	2024-10-16 23:37:32.216727-04	almacen	Registrado	Se ha creado una nuevo material: Juan Carlos con el codigo 100-30056789rtyu-32534255678	Materiales
113	2024-10-17 21:57:43.688929-04	almacen	Ingreso exitoso	El usuario almacen ha ingresado al sistema exitosamente.	Usuario
114	2024-10-17 22:09:47.981124-04	almacen	Seleccionar pedido	El usuario almacen ha seleccionado un pedido con el ID 10.	Pedidos
115	2024-10-17 22:10:03.697658-04	almacen	Cancelación de pedido	El usuario almacen ha cancelado el pedido con el ID None.	Pedidos
116	2024-10-17 22:12:41.887636-04	superadmin	Ingreso exitoso	El usuario superadmin ha ingresado al sistema exitosamente.	Usuario
117	2024-10-17 22:45:30.682241-04	superadmin	Edicion de Usuario	Se ha editado el usuario: pepe	Usuario
118	2024-10-17 22:45:52.979079-04	superadmin	Edicion de Usuario	Se ha editado el usuario: unidad	Usuario
119	2024-10-17 22:46:16.183477-04	superadmin	Edicion de Usuario	Se ha editado el usuario: 123	Usuario
120	2024-10-17 22:46:39.045726-04	superadmin	Edicion de Usuario	Se ha editado el usuario: almacen	Usuario
121	2024-10-17 22:47:57.976767-04	superadmin	Edicion de Usuario	Se ha editado el usuario: aux	Usuario
122	2024-10-17 22:48:13.605121-04	superadmin	Edicion de Usuario	Se ha editado el usuario: almacen	Usuario
123	2024-10-17 22:50:25.202272-04	lola	Ingreso exitoso	El usuario lola ha ingresado al sistema exitosamente.	Usuario
124	2024-10-17 22:50:37.743335-04	unidad	Ingreso exitoso	El usuario unidad ha ingresado al sistema exitosamente.	Usuario
125	2024-10-17 22:50:44.713132-04	lola	Seleccionar pedido	El usuario lola ha seleccionado un pedido con el ID 11.	Pedidos
126	2024-10-17 22:50:55.026111-04	lola	Seleccionar pedido	El usuario lola ha seleccionado un pedido con el ID 12.	Pedidos
127	2024-10-17 22:51:01.206443-04	lola	Realizar pedido	El usuario lola ha realizado un pedido con el ID 12.	Pedidos
128	2024-10-17 22:51:01.213455-04	lola	Realizar pedido	El usuario lola ha realizado un pedido con el ID 11.	Pedidos
129	2024-10-17 22:51:29.550522-04	superadmin	Edicion de Usuario	Se ha editado el usuario: lola	Usuario
130	2024-10-17 22:51:45.010597-04	superadmin	Edicion de Usuario	Se ha editado el usuario: pepe	Usuario
131	2024-10-17 22:51:58.066857-04	superadmin	Edicion de Usuario	Se ha editado el usuario: unidad	Usuario
132	2024-10-17 22:52:28.506126-04	pepe	Ingreso exitoso	El usuario pepe ha ingresado al sistema exitosamente.	Usuario
133	2024-10-17 22:53:25.870089-04	unidad	Ingreso exitoso	El usuario unidad ha ingresado al sistema exitosamente.	Usuario
134	2024-10-17 23:03:29.233112-04	123	Ingreso exitoso	El usuario 123 ha ingresado al sistema exitosamente.	Usuario
135	2024-10-18 21:00:01.262165-04	almacen	Ingreso exitoso	El usuario almacen ha ingresado al sistema exitosamente.	Usuario
136	2024-10-18 22:29:38.84073-04	123	Ingreso exitoso	El usuario 123 ha ingresado al sistema exitosamente.	Usuario
137	2024-10-18 23:01:28.683418-04	lola	Ingreso exitoso	El usuario lola ha ingresado al sistema exitosamente.	Usuario
138	2024-10-18 23:01:37.096437-04	lola	Seleccionar pedido	El usuario lola ha seleccionado un pedido con el ID 13.	Pedidos
139	2024-10-18 23:01:42.038542-04	lola	Seleccionar pedido	El usuario lola ha seleccionado un pedido con el ID 14.	Pedidos
140	2024-10-18 23:01:46.662093-04	lola	Seleccionar pedido	El usuario lola ha seleccionado un pedido con el ID 15.	Pedidos
141	2024-10-18 23:01:55.175802-04	lola	Realizar pedido	El usuario lola ha realizado un pedido con el ID 15.	Pedidos
142	2024-10-18 23:01:55.185837-04	lola	Realizar pedido	El usuario lola ha realizado un pedido con el ID 14.	Pedidos
143	2024-10-18 23:01:55.193803-04	lola	Realizar pedido	El usuario lola ha realizado un pedido con el ID 13.	Pedidos
144	2024-10-18 23:02:05.037181-04	pepe	Ingreso exitoso	El usuario pepe ha ingresado al sistema exitosamente.	Usuario
145	2024-10-18 23:02:19.462125-04	pepe	Modificación de pedido	El usuario pepe ha modificado la cantidad del pedido con el ID 15.	Pedidos
146	2024-10-18 23:02:57.69868-04	unidad	Ingreso exitoso	El usuario unidad ha ingresado al sistema exitosamente.	Usuario
147	2024-10-18 23:03:35.661074-04	ususario	Intento de ingreso fallido	El usuario ususario intentó ingresar al sistema, pero la autenticación falló.	Usuario
148	2024-10-18 23:03:47.083034-04	usuario	Intento de ingreso fallido	El usuario usuario intentó ingresar al sistema, pero la autenticación falló.	Usuario
149	2024-10-18 23:04:01.576351-04	usuario123	Intento de ingreso fallido	El usuario usuario123 intentó ingresar al sistema, pero la autenticación falló.	Usuario
150	2024-10-18 23:04:31.812396-04	usuario	Intento de ingreso fallido	El usuario usuario intentó ingresar al sistema, pero la autenticación falló.	Usuario
151	2024-10-18 23:04:51.285507-04	superadmin	Intento de ingreso fallido	El usuario superadmin intentó ingresar al sistema, pero la autenticación falló.	Usuario
152	2024-10-18 23:05:06.972368-04	superadmin	Ingreso exitoso	El usuario superadmin ha ingresado al sistema exitosamente.	Usuario
153	2024-10-18 23:05:28.037169-04	123	Ingreso exitoso	El usuario 123 ha ingresado al sistema exitosamente.	Usuario
154	2024-10-18 23:05:45.795763-04	123	Modificación de pedido	El usuario 123 ha modificado la cantidad del pedido con el ID 13.	Pedidos
155	2024-10-18 23:06:05.493538-04	123	Modificación de pedido	El usuario 123 ha modificado la cantidad del pedido con el ID 15.	Pedidos
156	2024-10-18 23:06:14.01074-04	123	Modificación de pedido	El usuario 123 ha modificado la cantidad del pedido con el ID 14.	Pedidos
157	2024-10-18 23:06:36.590823-04	aux	Ingreso exitoso	El usuario aux ha ingresado al sistema exitosamente.	Usuario
158	2024-10-18 23:11:29.518497-04	aux	Modificación de pedido	El usuario aux ha modificado la cantidad del pedido con el ID 14.	Pedidos
159	2024-10-18 23:11:57.915464-04	aux	Modificación de pedido	El usuario aux ha modificado la cantidad del pedido con el ID 13.	Pedidos
160	2024-10-18 23:16:27.729271-04	almacen	Ingreso exitoso	El usuario almacen ha ingresado al sistema exitosamente.	Usuario
161	2024-10-20 21:22:50.415357-04	aux	Ingreso exitoso	El usuario aux ha ingresado al sistema exitosamente.	Usuario
162	2024-10-20 21:52:29.222559-04	almacen	Ingreso exitoso	El usuario almacen ha ingresado al sistema exitosamente.	Usuario
163	2024-10-20 21:53:58.39246-04	almacen	Entrega de pedido	El usuario almacen ha realizado la entrega del pedido con el ID 15.	Pedidos
164	2024-10-20 21:54:03.469624-04	almacen	Entrega de pedido	El usuario almacen ha realizado la entrega del pedido con el ID 14.	Pedidos
165	2024-10-20 21:54:11.309311-04	almacen	Entrega de pedido	El usuario almacen ha realizado la entrega del pedido con el ID 13.	Pedidos
166	2024-10-20 22:03:35.448048-04	lola	Ingreso exitoso	El usuario lola ha ingresado al sistema exitosamente.	Usuario
167	2024-10-20 22:03:57.237638-04	lola	Seleccionar pedido	El usuario lola ha seleccionado un pedido con el ID 16.	Pedidos
168	2024-10-20 22:04:02.859205-04	lola	Seleccionar pedido	El usuario lola ha seleccionado un pedido con el ID 17.	Pedidos
169	2024-10-20 22:04:14.956504-04	pepe	Ingreso exitoso	El usuario pepe ha ingresado al sistema exitosamente.	Usuario
170	2024-10-20 22:14:08.487597-04	lola	Ingreso exitoso	El usuario lola ha ingresado al sistema exitosamente.	Usuario
171	2024-10-20 22:14:20.259317-04	pepe	Ingreso exitoso	El usuario pepe ha ingresado al sistema exitosamente.	Usuario
172	2024-10-20 22:23:22.896818-04	lola	Ingreso exitoso	El usuario lola ha ingresado al sistema exitosamente.	Usuario
173	2024-10-20 22:23:48.356406-04	pepe	Ingreso exitoso	El usuario pepe ha ingresado al sistema exitosamente.	Usuario
174	2024-10-20 22:25:15.313918-04	lola	Ingreso exitoso	El usuario lola ha ingresado al sistema exitosamente.	Usuario
175	2024-10-20 22:25:34.518394-04	lola	Cancelación de pedido	El usuario lola ha cancelado el pedido con el ID None.	Pedidos
176	2024-10-20 22:25:37.780796-04	lola	Cancelación de pedido	El usuario lola ha cancelado el pedido con el ID None.	Pedidos
177	2024-10-20 22:25:49.062774-04	pepe	Ingreso exitoso	El usuario pepe ha ingresado al sistema exitosamente.	Usuario
178	2024-10-20 22:27:40.657995-04	lola	Ingreso exitoso	El usuario lola ha ingresado al sistema exitosamente.	Usuario
179	2024-10-20 22:28:02.322434-04	superadmin	Ingreso exitoso	El usuario superadmin ha ingresado al sistema exitosamente.	Usuario
180	2024-10-20 22:28:16.479378-04	superadmin	Edicion de Usuario	Se ha editado el usuario: lola	Usuario
181	2024-10-20 22:28:43.147192-04	lola	Seleccionar pedido	El usuario lola ha seleccionado un pedido con el ID 18.	Pedidos
182	2024-10-20 22:28:47.881042-04	lola	Seleccionar pedido	El usuario lola ha seleccionado un pedido con el ID 19.	Pedidos
183	2024-10-20 22:29:05.949644-04	pepe	Ingreso exitoso	El usuario pepe ha ingresado al sistema exitosamente.	Usuario
184	2024-10-20 22:31:58.540844-04	lola	Realizar pedido	El usuario lola ha realizado un pedido con el ID 19.	Pedidos
185	2024-10-20 22:31:58.557083-04	lola	Realizar pedido	El usuario lola ha realizado un pedido con el ID 18.	Pedidos
186	2024-10-20 22:33:09.012837-04	pepe	Modificación de pedido	El usuario pepe ha modificado la cantidad del pedido con el ID 19.	Pedidos
187	2024-10-20 22:34:01.602248-04	unidad	Ingreso exitoso	El usuario unidad ha ingresado al sistema exitosamente.	Usuario
188	2024-10-20 22:44:16.986735-04	123	Ingreso exitoso	El usuario 123 ha ingresado al sistema exitosamente.	Usuario
189	2024-10-20 22:46:30.12081-04	aux	Ingreso exitoso	El usuario aux ha ingresado al sistema exitosamente.	Usuario
190	2024-10-20 22:47:50.985606-04	almacen	Ingreso exitoso	El usuario almacen ha ingresado al sistema exitosamente.	Usuario
191	2024-10-20 23:10:19.949047-04	almacen	Ingreso exitoso	El usuario almacen ha ingresado al sistema exitosamente.	Usuario
192	2024-10-20 23:13:46.091775-04	onichan	Intento de ingreso fallido	El usuario onichan intentó ingresar al sistema, pero la autenticación falló.	Usuario
193	2024-10-20 23:13:58.092142-04	lola	Ingreso exitoso	El usuario lola ha ingresado al sistema exitosamente.	Usuario
194	2024-10-20 23:14:18.860094-04	aux	Ingreso exitoso	El usuario aux ha ingresado al sistema exitosamente.	Usuario
195	2024-10-21 21:24:22.738211-04	superadmin	Ingreso exitoso	El usuario superadmin ha ingresado al sistema exitosamente.	Usuario
196	2024-10-21 22:15:27.937548-04	lola	Ingreso exitoso	El usuario lola ha ingresado al sistema exitosamente.	Usuario
197	2024-10-21 22:15:34.268568-04	lola	Seleccionar pedido	El usuario lola ha seleccionado un pedido con el ID 20.	Pedidos
198	2024-10-21 22:15:47.780111-04	lola	Cancelación de pedido	El usuario lola ha cancelado el pedido con el ID None.	Pedidos
199	2024-10-21 22:15:54.640412-04	lola	Seleccionar pedido	El usuario lola ha seleccionado un pedido con el ID 21.	Pedidos
200	2024-10-21 22:16:12.870145-04	lola	Seleccionar pedido	El usuario lola ha seleccionado un pedido con el ID 22.	Pedidos
201	2024-10-21 22:26:43.482474-04	lola	Realizar pedido	El usuario lola ha realizado un pedido con el ID 22.	Pedidos
202	2024-10-21 22:26:43.491039-04	lola	Realizar pedido	El usuario lola ha realizado un pedido con el ID 21.	Pedidos
203	2024-10-21 22:26:48.930827-04	lola	Seleccionar pedido	El usuario lola ha seleccionado un pedido con el ID 23.	Pedidos
204	2024-10-21 22:26:52.571149-04	lola	Realizar pedido	El usuario lola ha realizado un pedido con el ID 23.	Pedidos
205	2024-10-21 22:33:14.873776-04	lola	Seleccionar pedido	El usuario lola ha seleccionado un pedido con el ID 24.	Pedidos
206	2024-10-21 22:33:17.939281-04	lola	Seleccionar pedido	El usuario lola ha seleccionado un pedido con el ID 25.	Pedidos
207	2024-10-21 22:44:59.159834-04	lola	Cancelar pedido	El usuario lola ha cancelado un pedido con el ID None.	Pedidos
208	2024-10-21 22:44:59.174825-04	lola	Cancelar pedido	El usuario lola ha cancelado un pedido con el ID None.	Pedidos
209	2024-10-21 22:45:19.27959-04	lola	Seleccionar pedido	El usuario lola ha seleccionado un pedido con el ID 26.	Pedidos
210	2024-10-21 22:45:25.513561-04	lola	Cancelar pedido	El usuario lola ha cancelado un pedido con el ID None.	Pedidos
211	2024-10-21 22:45:43.736488-04	lola	Seleccionar pedido	El usuario lola ha seleccionado un pedido con el ID 27.	Pedidos
212	2024-10-21 22:45:51.73449-04	lola	Seleccionar pedido	El usuario lola ha seleccionado un pedido con el ID 28.	Pedidos
213	2024-10-21 22:46:23.09222-04	lola	Seleccionar pedido	El usuario lola ha seleccionado un pedido con el ID 29.	Pedidos
214	2024-10-21 22:46:28.615714-04	lola	Seleccionar pedido	El usuario lola ha seleccionado un pedido con el ID 30.	Pedidos
215	2024-10-21 22:46:39.755479-04	lola	Cancelar pedido	El usuario lola ha cancelado un pedido con el ID None.	Pedidos
216	2024-10-21 22:46:39.7629-04	lola	Cancelar pedido	El usuario lola ha cancelado un pedido con el ID None.	Pedidos
217	2024-10-21 22:46:39.769903-04	lola	Cancelar pedido	El usuario lola ha cancelado un pedido con el ID None.	Pedidos
218	2024-10-21 22:46:39.777764-04	lola	Cancelar pedido	El usuario lola ha cancelado un pedido con el ID None.	Pedidos
219	2024-10-21 22:47:20.164409-04	lola	Seleccionar pedido	El usuario lola ha seleccionado un pedido con el ID 31.	Pedidos
220	2024-10-21 22:47:26.796608-04	lola	Cancelar pedido	El usuario lola ha cancelado un pedido con el ID None.	Pedidos
221	2024-10-21 22:47:29.611917-04	lola	Seleccionar pedido	El usuario lola ha seleccionado un pedido con el ID 32.	Pedidos
222	2024-10-21 22:47:32.594251-04	lola	Realizar pedido	El usuario lola ha realizado un pedido con el ID 32.	Pedidos
223	2024-10-21 22:47:49.348482-04	lola	Cancelación de pedido	El usuario lola ha cancelado el pedido con el ID None.	Pedidos
224	2024-10-21 22:48:23.516151-04	lola	Seleccionar pedido	El usuario lola ha seleccionado un pedido con el ID 33.	Pedidos
225	2024-10-21 22:48:37.76831-04	lola	Ingreso exitoso	El usuario lola ha ingresado al sistema exitosamente.	Usuario
226	2024-10-21 22:48:39.660499-04	lola	Realizar pedido	El usuario lola ha realizado un pedido con el ID 33.	Pedidos
227	2024-10-21 22:48:48.998095-04	lola	Ingreso exitoso	El usuario lola ha ingresado al sistema exitosamente.	Usuario
228	2024-10-21 22:49:41.841081-04	pepe	Ingreso exitoso	El usuario pepe ha ingresado al sistema exitosamente.	Usuario
229	2024-10-21 22:51:31.77064-04	pepe	Rechazo de pedido	El usuario pepe ha rechazado el pedido con el ID 23.	Pedidos
230	2024-10-21 22:54:39.488662-04	pepe	Rechazo de pedido	El usuario pepe ha rechazado el pedido con el ID 23.	Pedidos
231	2024-10-21 23:01:06.939486-04	pepe	Rechazo de pedido	El usuario pepe ha rechazado el pedido con el ID 23.	Pedidos
232	2024-10-21 23:07:14.875066-04	pepe	Rechazo de pedido	El usuario pepe ha rechazado el pedido con el ID 33.	Pedidos
233	2024-10-21 23:08:03.38167-04	pepe	Modificación de pedido	El usuario pepe ha modificado la cantidad del pedido con el ID 32.	Pedidos
234	2024-10-21 23:08:17.93418-04	pepe	Rechazo de pedido	El usuario pepe ha rechazado el pedido con el ID 32.	Pedidos
235	2024-10-21 23:09:05.213995-04	lola	Ingreso exitoso	El usuario lola ha ingresado al sistema exitosamente.	Usuario
236	2024-10-21 23:09:23.53151-04	lola	Seleccionar pedido	El usuario lola ha seleccionado un pedido con el ID 34.	Pedidos
237	2024-10-21 23:09:45.298381-04	lola	Realizar pedido	El usuario lola ha realizado un pedido con el ID 34.	Pedidos
238	2024-10-21 23:10:10.88922-04	pepe	Modificación de pedido	El usuario pepe ha modificado la cantidad del pedido con el ID 34.	Pedidos
239	2024-10-21 23:10:29.470673-04	pepe	Rechazo de pedido	El usuario pepe ha rechazado el pedido con el ID 34.	Pedidos
240	2024-10-21 23:17:11.305976-04	superadmin	Intento de ingreso fallido	El usuario superadmin intentó ingresar al sistema, pero la autenticación falló.	Usuario
241	2024-10-21 23:17:18.393352-04	superadmin	Ingreso exitoso	El usuario superadmin ha ingresado al sistema exitosamente.	Usuario
242	2024-10-22 21:04:34.300849-04	pepe	Ingreso exitoso	El usuario pepe ha ingresado al sistema exitosamente.	Usuario
243	2024-10-22 21:15:16.27389-04	almacen	Ingreso exitoso	El usuario almacen ha ingresado al sistema exitosamente.	Usuario
244	2024-10-22 21:20:16.897875-04	almacen	Rechazo de pedido	El usuario almacen ha rechazado el pedido con el ID 19.	Pedidos
245	2024-10-22 21:23:50.329559-04	almacen	Rechazo de pedido	El usuario almacen ha rechazado el pedido con el ID 19.	Pedidos
246	2024-10-22 21:24:28.196015-04	almacen	Rechazo de pedido	El usuario almacen ha rechazado el pedido con el ID 19.	Pedidos
247	2024-10-22 21:27:22.942566-04	almacen	Ingreso exitoso	El usuario almacen ha ingresado al sistema exitosamente.	Usuario
248	2024-10-22 21:27:48.428881-04	almacen	Ingreso exitoso	El usuario almacen ha ingresado al sistema exitosamente.	Usuario
249	2024-10-22 21:28:11.838126-04	almacen	Seleccionar pedido	El usuario almacen ha seleccionado un pedido con el ID 35.	Pedidos
250	2024-10-22 21:28:22.995676-04	almacen	Edicion	Se ha editado la categoría: Pepe a Artes Graficas	Categoria
251	2024-10-22 21:29:04.127646-04	almacen	Creación de categoría	Se ha creado una nueva categoría: Limpieza	Categoria
252	2024-10-22 21:31:42.429953-04	almacen	Registrado	Se ha creado una nuevo material: Lavandina con el codigo 200-80-200	Materiales
253	2024-10-22 21:34:46.593434-04	almacen	Registrado	Se ha creado una nuevo material: Omo con el codigo 200-3060-60	Materiales
254	2024-10-22 21:45:50.199824-04	almacen	Registrado	Se ha creado una nuevo material: Telefono con el codigo 100-1024-080	Materiales
255	2024-10-22 21:46:13.859895-04	almacen	Registro	Se registro una nueva cantidad al material con el código: 100-30056789rtyu-32534255678	Materiales
256	2024-10-22 21:47:09.064036-04	pepe	Ingreso exitoso	El usuario pepe ha ingresado al sistema exitosamente.	Usuario
257	2024-10-22 21:48:22.198139-04	lola	Ingreso exitoso	El usuario lola ha ingresado al sistema exitosamente.	Usuario
258	2024-10-22 21:50:23.100463-04	lola	Ingreso exitoso	El usuario lola ha ingresado al sistema exitosamente.	Usuario
259	2024-10-22 21:50:45.474392-04	lola	Seleccionar pedido	El usuario lola ha seleccionado un pedido con el ID 36.	Pedidos
260	2024-10-22 21:50:46.758344-04	pepe	Ingreso exitoso	El usuario pepe ha ingresado al sistema exitosamente.	Usuario
261	2024-10-22 21:50:57.00777-04	lola	Seleccionar pedido	El usuario lola ha seleccionado un pedido con el ID 37.	Pedidos
262	2024-10-22 21:51:08.688007-04	lola	Seleccionar pedido	El usuario lola ha seleccionado un pedido con el ID 38.	Pedidos
263	2024-10-22 21:51:33.42311-04	lola	Realizar pedido	El usuario lola ha realizado un pedido con el ID 38.	Pedidos
264	2024-10-22 21:51:33.432976-04	lola	Realizar pedido	El usuario lola ha realizado un pedido con el ID 37.	Pedidos
265	2024-10-22 21:51:33.441049-04	lola	Realizar pedido	El usuario lola ha realizado un pedido con el ID 36.	Pedidos
266	2024-10-22 21:52:48.481083-04	pepe	Rechazo de pedido	El usuario pepe ha rechazado el pedido con el ID 37.	Pedidos
267	2024-10-22 21:53:33.72329-04	unidad	Ingreso exitoso	El usuario unidad ha ingresado al sistema exitosamente.	Usuario
268	2024-10-22 21:59:02.700483-04	unidad	Ingreso exitoso	El usuario unidad ha ingresado al sistema exitosamente.	Usuario
269	2024-10-22 22:01:12.227583-04	unidad	Rechazo de pedido	El usuario unidad ha rechazado el pedido con el ID 38.	Pedidos
270	2024-10-22 22:01:51.185686-04	lola	Seleccionar pedido	El usuario lola ha seleccionado un pedido con el ID 39.	Pedidos
271	2024-10-22 22:02:09.290683-04	lola	Realizar pedido	El usuario lola ha realizado un pedido con el ID 39.	Pedidos
272	2024-10-22 22:02:26.620218-04	pepe	Ingreso exitoso	El usuario pepe ha ingresado al sistema exitosamente.	Usuario
273	2024-10-22 22:05:20.671825-04	unidad	Rechazo de pedido	El usuario unidad ha rechazado el pedido con el ID 39.	Pedidos
274	2024-10-22 22:05:42.07777-04	pepe	Seleccionar pedido	El usuario pepe ha seleccionado un pedido con el ID 40.	Pedidos
275	2024-10-22 22:05:47.03606-04	pepe	Realizar pedido	El usuario pepe ha realizado un pedido con el ID 40.	Pedidos
276	2024-10-22 22:06:54.790276-04	123	Ingreso exitoso	El usuario 123 ha ingresado al sistema exitosamente.	Usuario
277	2024-10-22 22:07:26.600459-04	123	Rechazo de pedido	El usuario 123 ha rechazado el pedido con el ID 40.	Pedidos
278	2024-10-22 22:08:45.886642-04	pepe	Seleccionar pedido	El usuario pepe ha seleccionado un pedido con el ID 41.	Pedidos
279	2024-10-22 22:08:52.521498-04	pepe	Realizar pedido	El usuario pepe ha realizado un pedido con el ID 41.	Pedidos
280	2024-10-22 22:09:10.539786-04	123	Ingreso exitoso	El usuario 123 ha ingresado al sistema exitosamente.	Usuario
281	2024-10-22 22:11:06.826574-04	unidad	Ingreso exitoso	El usuario unidad ha ingresado al sistema exitosamente.	Usuario
282	2024-10-22 22:11:48.798252-04	aux	Ingreso exitoso	El usuario aux ha ingresado al sistema exitosamente.	Usuario
283	2024-10-22 22:12:20.451917-04	aux	Rechazo de pedido	El usuario aux ha rechazado el pedido con el ID 41.	Pedidos
284	2024-10-22 22:12:50.402658-04	aux	Ingreso exitoso	El usuario aux ha ingresado al sistema exitosamente.	Usuario
285	2024-10-22 22:13:23.097215-04	unidad	Seleccionar pedido	El usuario unidad ha seleccionado un pedido con el ID 42.	Pedidos
286	2024-10-22 22:13:25.666781-04	unidad	Seleccionar pedido	El usuario unidad ha seleccionado un pedido con el ID 43.	Pedidos
287	2024-10-22 22:13:46.644618-04	123	Ingreso exitoso	El usuario 123 ha ingresado al sistema exitosamente.	Usuario
288	2024-10-22 22:14:18.975941-04	unidad	Ingreso exitoso	El usuario unidad ha ingresado al sistema exitosamente.	Usuario
289	2024-10-22 22:14:30.801918-04	unidad	Realizar pedido	El usuario unidad ha realizado un pedido con el ID 43.	Pedidos
290	2024-10-22 22:14:30.816645-04	unidad	Realizar pedido	El usuario unidad ha realizado un pedido con el ID 42.	Pedidos
291	2024-10-22 22:14:51.564877-04	123	Ingreso exitoso	El usuario 123 ha ingresado al sistema exitosamente.	Usuario
292	2024-10-22 22:15:35.906239-04	unidad	Ingreso exitoso	El usuario unidad ha ingresado al sistema exitosamente.	Usuario
293	2024-10-22 22:16:35.193563-04	123	Ingreso exitoso	El usuario 123 ha ingresado al sistema exitosamente.	Usuario
294	2024-10-22 22:18:02.559845-04	unidad	Ingreso exitoso	El usuario unidad ha ingresado al sistema exitosamente.	Usuario
295	2024-10-22 22:19:12.851329-04	unidad	Seleccionar pedido	El usuario unidad ha seleccionado un pedido con el ID 44.	Pedidos
296	2024-10-22 22:19:20.92803-04	unidad	Realizar pedido	El usuario unidad ha realizado un pedido con el ID 44.	Pedidos
297	2024-10-22 22:21:21.015201-04	pepe	Ingreso exitoso	El usuario pepe ha ingresado al sistema exitosamente.	Usuario
298	2024-10-22 22:21:42.114659-04	pepe	Seleccionar pedido	El usuario pepe ha seleccionado un pedido con el ID 45.	Pedidos
299	2024-10-22 22:21:56.460661-04	pepe	Realizar pedido	El usuario pepe ha realizado un pedido con el ID 45.	Pedidos
300	2024-10-22 22:23:17.189094-04	123	Ingreso exitoso	El usuario 123 ha ingresado al sistema exitosamente.	Usuario
301	2024-10-22 22:24:30.199608-04	almacen	Ingreso exitoso	El usuario almacen ha ingresado al sistema exitosamente.	Usuario
302	2024-10-22 22:30:07.449944-04	almacen	Rechazo de pedido	El usuario almacen ha rechazado el pedido con el ID 45.	Pedidos
303	2024-10-22 22:34:54.025111-04	superadmin	Intento de ingreso fallido	El usuario superadmin intentó ingresar al sistema, pero la autenticación falló.	Usuario
304	2024-10-22 22:35:03.368181-04	superadmin	Ingreso exitoso	El usuario superadmin ha ingresado al sistema exitosamente.	Usuario
305	2024-10-26 21:42:23.505-04	lola	Ingreso exitoso	El usuario lola ha ingresado al sistema exitosamente.	Usuario
306	2024-10-26 21:43:12.781979-04	pepe	Ingreso exitoso	El usuario pepe ha ingresado al sistema exitosamente.	Usuario
307	2024-10-26 22:11:37.884226-04	lola	Seleccionar pedido	El usuario lola ha seleccionado un pedido con el ID 46.	Pedidos
308	2024-10-26 22:11:50.295553-04	lola	Realizar pedido	El usuario lola ha realizado un pedido con el ID 46.	Pedidos
309	2024-10-26 22:37:09.377429-04	lola	Seleccionar pedido	El usuario lola ha seleccionado un pedido con el ID 47.	Pedidos
310	2024-10-26 22:37:44.923384-04	lola	Realizar pedido	El usuario lola ha realizado un pedido con el ID 47.	Pedidos
311	2024-10-26 22:41:42.60895-04	lola	Seleccionar pedido	El usuario lola ha seleccionado un pedido con el ID 48.	Pedidos
312	2024-10-26 22:41:49.820441-04	lola	Realizar pedido	El usuario lola ha realizado un pedido con el ID 48.	Pedidos
313	2024-10-26 22:45:48.423691-04	almacen	Ingreso exitoso	El usuario almacen ha ingresado al sistema exitosamente.	Usuario
314	2024-10-26 23:22:59.927592-04	superadmin	Ingreso exitoso	El usuario superadmin ha ingresado al sistema exitosamente.	Usuario
315	2024-10-26 23:26:43.452173-04	almacen	Ingreso exitoso	El usuario almacen ha ingresado al sistema exitosamente.	Usuario
316	2024-10-26 23:44:08.867195-04	superadmin	Intento de ingreso fallido	El usuario superadmin intentó ingresar al sistema, pero la autenticación falló.	Usuario
317	2024-10-26 23:44:17.686159-04	superadmin	Ingreso exitoso	El usuario superadmin ha ingresado al sistema exitosamente.	Usuario
318	2024-10-26 23:45:18.554917-04	almacen	Ingreso exitoso	El usuario almacen ha ingresado al sistema exitosamente.	Usuario
319	2024-10-28 21:27:02.849117-04	alamcenes	Intento de ingreso fallido	El usuario alamcenes intentó ingresar al sistema, pero la autenticación falló.	Usuario
320	2024-10-28 21:27:09.923928-04	almacen	Ingreso exitoso	El usuario almacen ha ingresado al sistema exitosamente.	Usuario
321	2024-10-28 21:45:40.835388-04	superadmin	Ingreso exitoso	El usuario superadmin ha ingresado al sistema exitosamente.	Usuario
322	2024-10-28 21:50:32.167506-04	almacen	Ingreso exitoso	El usuario almacen ha ingresado al sistema exitosamente.	Usuario
323	2024-10-28 21:51:09.975177-04	almacen	Registro	Se registro una nueva cantidad al material con el código: 1120242024	Materiales
324	2024-10-28 22:02:49.728434-04	almacen	Registrado	Se ha creado una nuevo material: El Pepe con el codigo 200-1212-1223	Materiales
325	2024-10-28 22:05:49.962161-04	superadmin	Ingreso exitoso	El usuario superadmin ha ingresado al sistema exitosamente.	Usuario
326	2024-10-29 21:42:33.189208-04	pepe	Ingreso exitoso	El usuario pepe ha ingresado al sistema exitosamente.	Usuario
327	2024-10-29 21:42:52.02472-04	lola	Ingreso exitoso	El usuario lola ha ingresado al sistema exitosamente.	Usuario
328	2024-10-29 21:43:00.696738-04	lola	Seleccionar pedido	El usuario lola ha seleccionado un pedido con el ID 49.	Pedidos
329	2024-10-29 21:44:38.233995-04	lola	Seleccionar pedido	El usuario lola ha seleccionado un pedido con el ID 50.	Pedidos
330	2024-10-29 21:44:58.6558-04	lola	Seleccionar pedido	El usuario lola ha seleccionado un pedido con el ID 51.	Pedidos
331	2024-10-29 21:45:36.841461-04	almacen	Ingreso exitoso	El usuario almacen ha ingresado al sistema exitosamente.	Usuario
332	2024-10-29 21:47:59.489671-04	almacen	Entrega de pedido	El usuario almacen ha realizado la entrega del pedido con el ID 19.	Pedidos
333	2024-10-29 21:53:01.861688-04	almacen	Entrega de pedido	El usuario almacen ha realizado la entrega del pedido con el ID 18.	Pedidos
334	2024-10-29 21:55:41.921172-04	aux	Ingreso exitoso	El usuario aux ha ingresado al sistema exitosamente.	Usuario
335	2024-10-29 21:56:20.841451-04	aux	Seleccionar pedido	El usuario aux ha seleccionado un pedido con el ID 52.	Pedidos
336	2024-10-29 21:56:37.372989-04	aux	Seleccionar pedido	El usuario aux ha seleccionado un pedido con el ID 53.	Pedidos
337	2024-10-29 21:57:00.893568-04	aux	Seleccionar pedido	El usuario aux ha seleccionado un pedido con el ID 54.	Pedidos
338	2024-10-29 21:57:04.598977-04	aux	Seleccionar pedido	El usuario aux ha seleccionado un pedido con el ID 55.	Pedidos
339	2024-10-29 21:57:09.051798-04	aux	Realizar pedido	El usuario aux ha realizado un pedido con el ID 55.	Pedidos
340	2024-10-29 21:57:09.080788-04	aux	Realizar pedido	El usuario aux ha realizado un pedido con el ID 54.	Pedidos
341	2024-10-29 21:57:09.104968-04	aux	Realizar pedido	El usuario aux ha realizado un pedido con el ID 53.	Pedidos
342	2024-10-29 21:57:09.131319-04	aux	Realizar pedido	El usuario aux ha realizado un pedido con el ID 52.	Pedidos
343	2024-10-29 21:57:40.942428-04	almacen	Entrega de pedido	El usuario almacen ha realizado la entrega del pedido con el ID 52.	Pedidos
344	2024-10-29 21:58:13.516961-04	almacen	Entrega de pedido	El usuario almacen ha realizado la entrega del pedido con el ID 55.	Pedidos
345	2024-10-29 22:19:19.877338-04	almacen	Ingreso exitoso	El usuario almacen ha ingresado al sistema exitosamente.	Usuario
346	2024-10-29 22:19:47.520594-04	superadmin	Ingreso exitoso	El usuario superadmin ha ingresado al sistema exitosamente.	Usuario
347	2024-11-03 21:14:19.206954-04	almacen	Ingreso exitoso	El usuario almacen ha ingresado al sistema exitosamente.	Usuario
348	2024-11-03 21:15:25.720397-04	superadmin	Ingreso exitoso	El usuario superadmin ha ingresado al sistema exitosamente.	Usuario
349	2024-11-03 21:16:22.448595-04	superadmin	Edicion de Usuario	Se ha editado el usuario: almacen	Usuario
350	2024-11-03 21:16:48.91738-04	almacen	Ingreso exitoso	El usuario almacen ha ingresado al sistema exitosamente.	Usuario
351	2024-11-03 21:17:10.93962-04	almacen	Seleccionar pedido	El usuario almacen ha seleccionado un pedido con el ID 56.	Pedidos
352	2024-11-03 21:17:38.112252-04	almacen	Realizar pedido	El usuario almacen ha realizado un pedido con el ID 56.	Pedidos
353	2024-11-03 21:17:38.123543-04	almacen	Realizar pedido	El usuario almacen ha realizado un pedido con el ID 35.	Pedidos
354	2024-11-03 21:18:29.466096-04	almacen	Seleccionar pedido	El usuario almacen ha seleccionado un pedido con el ID 57.	Pedidos
355	2024-11-03 21:18:41.245711-04	almacen	Realizar pedido	El usuario almacen ha realizado un pedido con el ID 57.	Pedidos
356	2024-11-03 21:19:08.725256-04	unidad	Ingreso exitoso	El usuario unidad ha ingresado al sistema exitosamente.	Usuario
357	2024-11-03 21:20:12.646493-04	unidad	Modificación de pedido	El usuario unidad ha modificado la cantidad del pedido con el ID 56.	Pedidos
358	2024-11-03 21:21:30.97723-04	pepe	Intento de ingreso fallido	El usuario pepe intentó ingresar al sistema, pero la autenticación falló.	Usuario
359	2024-11-03 21:21:43.796155-04	123	Ingreso exitoso	El usuario 123 ha ingresado al sistema exitosamente.	Usuario
360	2024-11-03 21:22:42.536839-04	cardista	Intento de ingreso fallido	El usuario cardista intentó ingresar al sistema, pero la autenticación falló.	Usuario
361	2024-11-03 21:23:01.929623-04	aux	Ingreso exitoso	El usuario aux ha ingresado al sistema exitosamente.	Usuario
362	2024-11-03 21:23:25.753047-04	almacen	Ingreso exitoso	El usuario almacen ha ingresado al sistema exitosamente.	Usuario
363	2024-11-03 21:27:25.19728-04	superusuario	Intento de ingreso fallido	El usuario superusuario intentó ingresar al sistema, pero la autenticación falló.	Usuario
364	2024-11-03 21:27:40.543537-04	superusuario	Intento de ingreso fallido	El usuario superusuario intentó ingresar al sistema, pero la autenticación falló.	Usuario
365	2024-11-03 21:28:03.432097-04	superadmin	Ingreso exitoso	El usuario superadmin ha ingresado al sistema exitosamente.	Usuario
366	2024-11-03 21:29:12.847529-04	superadmin	Edicion de Usuario	Se ha editado el usuario: almacen	Usuario
367	2024-11-03 21:29:38.098464-04	superadmin	Edicion de Usuario	Se ha editado el usuario: almacen	Usuario
368	2024-11-03 21:29:42.841805-04	superadmin	Edicion de Usuario	Se ha editado el usuario: almacen	Usuario
369	2024-11-03 21:30:11.277733-04	superadmin	Edicion de Usuario	Se ha editado el usuario: almacen	Usuario
370	2024-11-03 21:31:05.735155-04	superadmin	Edicion de Usuario	Se ha editado el usuario: almacen	Usuario
371	2024-11-03 21:35:29.550161-04	superadmin	Edicion de Usuario	Se ha editado el usuario: almacen	Usuario
372	2024-11-03 21:35:49.068146-04	superadmin	Edicion de Usuario	Se ha editado el usuario: aux	Usuario
373	2024-11-03 21:36:10.413664-04	superadmin	Edicion de Usuario	Se ha editado el usuario: unidad	Usuario
374	2024-11-03 21:36:48.805331-04	superadmin	Edicion de Usuario	Se ha editado el usuario: unidad	Usuario
375	2024-11-03 21:38:22.642592-04	superadmin	Edicion de Usuario	Se ha editado el usuario: 123	Usuario
376	2024-11-03 21:38:40.199398-04	superadmin	Edicion de Usuario	Se ha editado el usuario: almacen	Usuario
377	2024-11-03 21:40:43.051785-04	superadmin	Edicion de Usuario	Se ha editado el usuario: pepe	Usuario
378	2024-11-03 21:41:20.71893-04	superadmin	Edicion de Usuario	Se ha editado el usuario: pepe	Usuario
379	2024-11-03 21:41:31.922945-04	superadmin	Edicion de Usuario	Se ha editado el usuario: pepe	Usuario
380	2024-11-03 21:41:51.226845-04	superadmin	Edicion de Usuario	Se ha editado el usuario: lola	Usuario
381	2024-11-03 21:42:16.672092-04	superadmin	Edicion de Usuario	Se ha editado el usuario: lola	Usuario
382	2024-11-03 21:42:27.484895-04	superadmin	Edicion de Usuario	Se ha editado el usuario: almacen	Usuario
383	2024-11-03 21:42:33.600275-04	superadmin	Edicion de Usuario	Se ha editado el usuario: pepe	Usuario
384	2024-11-03 21:42:54.001966-04	superadmin	Edicion de Usuario	Se ha editado el usuario: superadmin	Usuario
385	2024-11-03 21:43:08.736377-04	superadmin	Edicion de Usuario	Se ha editado el usuario: unidad	Usuario
386	2024-11-03 21:43:15.591243-04	superadmin	Edicion de Usuario	Se ha editado el usuario: almacen	Usuario
387	2024-11-03 21:48:38.559882-04	superadmin	Edicion de Usuario	Se ha editado el usuario: unidad	Usuario
388	2024-11-03 21:48:47.524518-04	superadmin	Edicion de Usuario	Se ha editado el usuario: unidad	Usuario
389	2024-11-03 21:48:59.860168-04	superadmin	Edicion de Usuario	Se ha editado el usuario: unidad	Usuario
390	2024-11-03 21:49:00.985167-04	superadmin	Edicion de Usuario	Se ha editado el usuario: unidad	Usuario
391	2024-11-03 21:49:16.375825-04	superadmin	Edicion de Usuario	Se ha editado el usuario: 123	Usuario
392	2024-11-03 21:49:22.146955-04	superadmin	Edicion de Usuario	Se ha editado el usuario: 123	Usuario
393	2024-11-03 21:49:30.183581-04	superadmin	Edicion de Usuario	Se ha editado el usuario: 123	Usuario
394	2024-11-03 21:50:37.547307-04	superadmin	Edicion de Usuario	Se ha editado el usuario: aux	Usuario
395	2024-11-03 21:51:10.865953-04	superadmin	Edicion de Usuario	Se ha editado el usuario: almacen	Usuario
396	2024-11-03 21:52:01.910945-04	superadmin	Edicion de Usuario	Se ha editado el usuario: 123	Usuario
397	2024-11-03 21:52:35.511092-04	superadmin	Edicion de Usuario	Se ha editado el usuario: aux	Usuario
398	2024-11-03 21:52:53.860184-04	superadmin	Edicion de Usuario	Se ha editado el usuario: aux	Usuario
399	2024-11-03 21:53:35.904294-04	superadmin	Edicion de Usuario	Se ha editado el usuario: pepe	Usuario
400	2024-11-03 21:53:42.294155-04	superadmin	Edicion de Usuario	Se ha editado el usuario: almacen	Usuario
401	2024-11-03 21:53:55.567283-04	superadmin	Edicion de Usuario	Se ha editado el usuario: pepe	Usuario
402	2024-11-03 21:54:02.790344-04	superadmin	Edicion de Usuario	Se ha editado el usuario: pepe	Usuario
403	2024-11-03 21:55:57.47604-04	superadmin	Edicion de Usuario	Se ha editado el usuario: aux	Usuario
404	2024-11-03 21:58:43.59878-04	superadmin	Edicion de Usuario	Se ha editado el usuario: unidad	Usuario
405	2024-11-03 21:59:22.846032-04	superadmin	Edicion de Usuario	Se ha editado el usuario: unidad	Usuario
406	2024-11-03 21:59:24.95455-04	superadmin	Edicion de Usuario	Se ha editado el usuario: unidad	Usuario
407	2024-11-03 21:59:31.073038-04	superadmin	Edicion de Usuario	Se ha editado el usuario: 123	Usuario
408	2024-11-03 22:00:52.551024-04	superadmin	Edicion de Usuario	Se ha editado el usuario: pepe	Usuario
409	2024-11-03 22:00:59.637249-04	superadmin	Edicion de Usuario	Se ha editado el usuario: almacen	Usuario
410	2024-11-03 22:01:58.930065-04	superadmin	Edicion de Usuario	Se ha editado el usuario: unidad	Usuario
411	2024-11-03 22:02:50.068956-04	superadmin	Edicion de Usuario	Se ha editado el usuario: almacen	Usuario
412	2024-11-03 22:03:00.627487-04	superadmin	Edicion de Usuario	Se ha editado el usuario: unidad	Usuario
413	2024-11-03 22:03:59.964289-04	superadmin	Ingreso exitoso	El usuario superadmin ha ingresado al sistema exitosamente.	Usuario
414	2024-11-03 22:04:09.611427-04	superadmin	Edicion de Usuario	Se ha editado el usuario: superadmin	Usuario
415	2024-11-03 22:04:15.040462-04	superadmin	Edicion de Usuario	Se ha editado el usuario: 123	Usuario
416	2024-11-03 22:04:18.976363-04	superadmin	Edicion de Usuario	Se ha editado el usuario: almacen	Usuario
417	2024-11-03 22:04:56.921663-04	superadmin	Edicion de Usuario	Se ha editado el usuario: unidad	Usuario
418	2024-11-03 22:05:01.840232-04	superadmin	Edicion de Usuario	Se ha editado el usuario: almacen	Usuario
419	2024-11-03 22:05:06.187422-04	superadmin	Edicion de Usuario	Se ha editado el usuario: superadmin	Usuario
420	2024-11-03 22:05:10.50517-04	superadmin	Edicion de Usuario	Se ha editado el usuario: lola	Usuario
421	2024-11-03 22:05:14.763509-04	superadmin	Edicion de Usuario	Se ha editado el usuario: almacen	Usuario
422	2024-11-03 22:08:43.269878-04	superadmin	Edicion de Usuario	Se ha editado el usuario: almacen	Usuario
423	2024-11-03 22:09:02.398367-04	superadmin	Edicion de Usuario	Se ha editado el usuario: almacen	Usuario
424	2024-11-03 22:09:35.941797-04	superadmin	Edicion de Usuario	Se ha editado el usuario: almacen	Usuario
425	2024-11-03 22:19:58.74177-04	lola	Ingreso exitoso	El usuario lola ha ingresado al sistema exitosamente.	Usuario
426	2024-11-03 22:20:03.36248-04	lola	Seleccionar pedido	El usuario lola ha seleccionado un pedido con el ID 58.	Pedidos
427	2024-11-03 22:20:20.935335-04	lola	Realizar pedido	El usuario lola ha realizado un pedido con el ID 58.	Pedidos
428	2024-11-03 22:20:20.943366-04	lola	Realizar pedido	El usuario lola ha realizado un pedido con el ID 51.	Pedidos
429	2024-11-03 22:20:20.95236-04	lola	Realizar pedido	El usuario lola ha realizado un pedido con el ID 50.	Pedidos
430	2024-11-03 22:20:20.958332-04	lola	Realizar pedido	El usuario lola ha realizado un pedido con el ID 49.	Pedidos
431	2024-11-03 22:29:06.504773-04	pepe	Ingreso exitoso	El usuario pepe ha ingresado al sistema exitosamente.	Usuario
432	2024-11-03 22:29:25.658375-04	lola	Seleccionar pedido	El usuario lola ha seleccionado un pedido con el ID 59.	Pedidos
433	2024-11-03 22:30:27.096735-04	lola	Seleccionar pedido	El usuario lola ha seleccionado un pedido con el ID 60.	Pedidos
434	2024-11-03 22:30:31.545227-04	lola	Realizar pedido	El usuario lola ha realizado un pedido con el ID 60.	Pedidos
435	2024-11-03 22:31:57.407252-04	lola	Seleccionar pedido	El usuario lola ha seleccionado un pedido con el ID 61.	Pedidos
436	2024-11-03 22:31:59.855093-04	lola	Realizar pedido	El usuario lola ha realizado un pedido con el ID 61.	Pedidos
437	2024-11-03 22:41:48.442742-04	lola	Seleccionar pedido	El usuario lola ha seleccionado un pedido con el ID 62.	Pedidos
438	2024-11-03 22:41:51.265749-04	lola	Realizar pedido	El usuario lola ha realizado un pedido con el ID 62.	Pedidos
439	2024-11-03 22:47:50.576674-04	lola	Seleccionar pedido	El usuario lola ha seleccionado un pedido con el ID 63.	Pedidos
440	2024-11-03 22:47:52.929357-04	lola	Realizar pedido	El usuario lola ha realizado un pedido con el ID 63.	Pedidos
441	2024-11-03 22:49:33.455414-04	lola	Seleccionar pedido	El usuario lola ha seleccionado un pedido con el ID 64.	Pedidos
442	2024-11-03 22:50:22.937477-04	lola	Realizar pedido	El usuario lola ha realizado un pedido con el ID 64.	Pedidos
443	2024-11-03 22:50:44.891441-04	lola	Seleccionar pedido	El usuario lola ha seleccionado un pedido con el ID 65.	Pedidos
444	2024-11-03 22:50:48.92975-04	lola	Realizar pedido	El usuario lola ha realizado un pedido con el ID 65.	Pedidos
445	2024-11-03 22:51:10.144878-04	lola	Seleccionar pedido	El usuario lola ha seleccionado un pedido con el ID 66.	Pedidos
446	2024-11-03 22:51:13.692272-04	lola	Realizar pedido	El usuario lola ha realizado un pedido con el ID 66.	Pedidos
447	2024-11-03 22:54:58.775055-04	superadmin	Ingreso exitoso	El usuario superadmin ha ingresado al sistema exitosamente.	Usuario
448	2024-11-03 22:55:08.145758-04	superadmin	Edicion de Usuario	Se ha editado el usuario: superadmin	Usuario
449	2024-11-03 22:55:32.723879-04	pepe	Ingreso exitoso	El usuario pepe ha ingresado al sistema exitosamente.	Usuario
450	2024-11-03 22:56:01.499976-04	unidad	Ingreso exitoso	El usuario unidad ha ingresado al sistema exitosamente.	Usuario
451	2024-11-03 22:56:32.283676-04	lola	Seleccionar pedido	El usuario lola ha seleccionado un pedido con el ID 67.	Pedidos
452	2024-11-03 22:56:34.402349-04	lola	Realizar pedido	El usuario lola ha realizado un pedido con el ID 67.	Pedidos
453	2024-11-03 22:57:34.296603-04	lola	Seleccionar pedido	El usuario lola ha seleccionado un pedido con el ID 68.	Pedidos
454	2024-11-03 22:57:36.352703-04	lola	Realizar pedido	El usuario lola ha realizado un pedido con el ID 68.	Pedidos
455	2024-11-03 22:58:37.298854-04	lola	Seleccionar pedido	El usuario lola ha seleccionado un pedido con el ID 69.	Pedidos
456	2024-11-03 22:58:40.254153-04	lola	Realizar pedido	El usuario lola ha realizado un pedido con el ID 69.	Pedidos
457	2024-11-03 23:00:29.75014-04	lola	Seleccionar pedido	El usuario lola ha seleccionado un pedido con el ID 70.	Pedidos
458	2024-11-03 23:00:32.218298-04	lola	Realizar pedido	El usuario lola ha realizado un pedido con el ID 70.	Pedidos
459	2024-11-03 23:08:58.013046-04	123	Ingreso exitoso	El usuario 123 ha ingresado al sistema exitosamente.	Usuario
460	2024-11-03 23:09:25.642651-04	aux	Ingreso exitoso	El usuario aux ha ingresado al sistema exitosamente.	Usuario
461	2024-11-03 23:09:37.196166-04	123	Seleccionar pedido	El usuario 123 ha seleccionado un pedido con el ID 71.	Pedidos
462	2024-11-03 23:09:42.843404-04	123	Realizar pedido	El usuario 123 ha realizado un pedido con el ID 71.	Pedidos
463	2024-11-04 21:53:41.913937-04	pepe	Ingreso exitoso	El usuario pepe ha ingresado al sistema exitosamente.	Usuario
464	2024-11-04 21:54:00.144923-04	unidad	Ingreso exitoso	El usuario unidad ha ingresado al sistema exitosamente.	Usuario
465	2024-11-04 22:01:53.19574-04	pepe	Seleccionar pedido	El usuario pepe ha seleccionado un pedido con el ID 72.	Pedidos
466	2024-11-04 22:05:31.324537-04	pepe	Seleccionar pedido	El usuario pepe ha seleccionado un pedido con el ID 73.	Pedidos
467	2024-11-04 22:05:39.991218-04	pepe	Realizar pedido	El usuario pepe ha realizado un pedido con el ID 73.	Pedidos
468	2024-11-04 22:07:44.906402-04	pepe	Seleccionar pedido	El usuario pepe ha seleccionado un pedido con el ID 74.	Pedidos
469	2024-11-04 22:07:52.846996-04	pepe	Realizar pedido	El usuario pepe ha realizado un pedido con el ID 74.	Pedidos
470	2024-11-04 22:19:36.448691-04	almacen	Ingreso exitoso	El usuario almacen ha ingresado al sistema exitosamente.	Usuario
471	2024-11-05 21:43:41.583219-04	almacen	Ingreso exitoso	El usuario almacen ha ingresado al sistema exitosamente.	Usuario
472	2024-11-05 22:34:12.055402-04	superadmin	Ingreso exitoso	El usuario superadmin ha ingresado al sistema exitosamente.	Usuario
473	2024-11-05 23:04:41.95695-04	almacen	Ingreso exitoso	El usuario almacen ha ingresado al sistema exitosamente.	Usuario
474	2024-11-05 23:08:24.223529-04	almacen	Ingreso exitoso	El usuario almacen ha ingresado al sistema exitosamente.	Usuario
475	2024-11-14 21:31:51.718965-04	almacen	Ingreso exitoso	El usuario almacen ha ingresado al sistema exitosamente.	Usuario
476	2024-11-14 21:44:41.258396-04	lola	Ingreso exitoso	El usuario lola ha ingresado al sistema exitosamente.	Usuario
477	2024-11-14 21:47:39.967142-04	almacen	Ingreso exitoso	El usuario almacen ha ingresado al sistema exitosamente.	Usuario
478	2024-11-14 22:12:22.884646-04	superadmin	Ingreso exitoso	El usuario superadmin ha ingresado al sistema exitosamente.	Usuario
479	2024-11-14 22:12:44.62782-04	superadmin	Edicion de Usuario	Se ha editado el usuario: pepe	Usuario
480	2024-11-14 22:28:21.03794-04	almacen	Rechazo de pedido	El usuario almacen ha rechazado el pedido con el ID 35.	Pedidos
481	2024-11-15 21:38:00.149737-04	alamcenes	Intento de ingreso fallido	El usuario alamcenes intentó ingresar al sistema, pero la autenticación falló.	Usuario
482	2024-11-15 21:38:07.170734-04	almacen	Ingreso exitoso	El usuario almacen ha ingresado al sistema exitosamente.	Usuario
483	2024-11-15 22:08:35.51528-04	aux	Ingreso exitoso	El usuario aux ha ingresado al sistema exitosamente.	Usuario
484	2024-11-15 22:16:05.045471-04	123	Ingreso exitoso	El usuario 123 ha ingresado al sistema exitosamente.	Usuario
485	2024-11-16 21:33:36.071092-04	123	Ingreso exitoso	El usuario 123 ha ingresado al sistema exitosamente.	Usuario
486	2024-11-16 22:18:29.109577-04	aux	Ingreso exitoso	El usuario aux ha ingresado al sistema exitosamente.	Usuario
487	2024-11-16 22:37:43.756896-04	aux	Modificación de pedido	El usuario aux ha modificado la cantidad del pedido con el ID 12.	Pedidos
488	2024-11-16 22:39:26.221229-04	aux	Modificación de pedido	El usuario aux ha modificado la cantidad del pedido con el ID 11.	Pedidos
489	2024-11-16 22:42:24.898602-04	123	Ingreso exitoso	El usuario 123 ha ingresado al sistema exitosamente.	Usuario
490	2024-11-16 22:45:58.6628-04	aux	Ingreso exitoso	El usuario aux ha ingresado al sistema exitosamente.	Usuario
491	2024-11-16 22:46:14.106073-04	123	Ingreso exitoso	El usuario 123 ha ingresado al sistema exitosamente.	Usuario
492	2024-11-16 22:46:58.362792-04	aux	Ingreso exitoso	El usuario aux ha ingresado al sistema exitosamente.	Usuario
493	2024-11-16 22:47:50.878841-04	aux	Modificación de pedido	El usuario aux ha modificado la cantidad del pedido con el ID 71.	Pedidos
494	2024-11-16 23:03:14.86567-04	undiad	Intento de ingreso fallido	El usuario undiad intentó ingresar al sistema, pero la autenticación falló.	Usuario
495	2024-11-16 23:03:22.801056-04	123	Ingreso exitoso	El usuario 123 ha ingresado al sistema exitosamente.	Usuario
496	2024-11-20 20:34:43.423905-04	almacen	Ingreso exitoso	El usuario almacen ha ingresado al sistema exitosamente.	Usuario
497	2024-11-20 20:42:52.579124-04	superadmin	Ingreso exitoso	El usuario superadmin ha ingresado al sistema exitosamente.	Usuario
498	2024-11-20 21:02:08.078589-04	almacen	Ingreso exitoso	El usuario almacen ha ingresado al sistema exitosamente.	Usuario
499	2024-11-20 21:10:18.577387-04	almacen	Registro	Se registro una nueva cantidad al material con el código: 100-Pz-20443-325342	Materiales
500	2024-11-20 21:12:00.307297-04	almacen	Registro	Se registro una nueva cantidad al material con el código: 100-30056789rtyu-325342556782024	Materiales
501	2024-11-20 22:17:06.888057-04	almacen	Ingreso exitoso	El usuario almacen ha ingresado al sistema exitosamente.	Usuario
502	2024-11-20 22:36:20.66841-04	123	Ingreso exitoso	El usuario 123 ha ingresado al sistema exitosamente.	Usuario
503	2024-11-20 23:01:17.980861-04	123	Seleccionar pedido	El usuario 123 ha seleccionado un pedido con el ID 75.	Pedidos
504	2024-11-20 23:01:21.972985-04	123	Realizar pedido	El usuario 123 ha realizado un pedido con el ID 75.	Pedidos
505	2024-11-20 23:02:45.129853-04	almacen	Ingreso exitoso	El usuario almacen ha ingresado al sistema exitosamente.	Usuario
506	2024-11-20 23:22:02.083491-04	almacen	Registrado	Se ha creado una nuevo material: Toalla con el codigo 100-to2025-to-2024	Materiales
507	2024-11-20 23:27:12.862788-04	almacen	Registrado	Se ha creado una nuevo material: Vestido con el codigo 100-5-123	Materiales
508	2024-11-20 23:28:44.556304-04	almacen	Registrado	Se ha creado una nuevo material: Tonner con el codigo 100-20230b-2023a	Materiales
509	2024-11-20 23:31:46.786933-04	almacen	Registro	Se registro una nueva cantidad al material con el código: 100-1024-080	Materiales
510	2024-11-20 23:32:06.836499-04	almacen	Registro	Se registro una nueva cantidad al material con el código: 100-20230b-2023a	Materiales
511	2024-11-20 23:32:42.944825-04	almacen	Registro	Se registro una nueva cantidad al material con el código: 100-1024-080	Materiales
512	2024-11-21 21:32:42.896261-04	almacen	Ingreso exitoso	El usuario almacen ha ingresado al sistema exitosamente.	Usuario
513	2024-11-21 21:48:16.341199-04	almacen	Eliminacion	Se ha eliminado el material con el código: 100-202020202-324564lel	Materiales
514	2024-11-21 21:48:23.708468-04	almacen	Eliminacion	Se ha eliminado el material con el código: 100-3245-2345	Materiales
515	2024-11-21 21:48:26.0664-04	almacen	Eliminacion	Se ha eliminado el material con el código: 100-202020202-324564lel	Materiales
516	2024-11-21 21:48:28.564446-04	almacen	Eliminacion	Se ha eliminado el material con el código: 100-3245-2345	Materiales
517	2024-11-21 21:48:33.127304-04	almacen	Eliminacion	Se ha eliminado el material con el código: 100-holaaqwer-4533245	Materiales
518	2024-11-21 21:48:35.564684-04	almacen	Eliminacion	Se ha eliminado el material con el código: 100-3456-453	Materiales
519	2024-11-21 21:48:37.892516-04	almacen	Eliminacion	Se ha eliminado el material con el código: 100-2435-453	Materiales
520	2024-11-21 21:52:20.422643-04	superadmin	Ingreso exitoso	El usuario superadmin ha ingresado al sistema exitosamente.	Usuario
521	2024-11-22 21:23:21.505963-04	almacen	Ingreso exitoso	El usuario almacen ha ingresado al sistema exitosamente.	Usuario
522	2024-11-23 17:24:34.130905-04	almacen	Ingreso exitoso	El usuario almacen ha ingresado al sistema exitosamente.	Usuario
523	2024-11-23 17:29:54.679607-04	almacen	Edicion	Se ha editado la categoría: Artes Graficas a Artes Graficas	Categoria
524	2024-11-23 17:30:41.929767-04	almacen	Edicion	Se ha editado la categoría: Escritorio a Escritorio	Categoria
525	2024-11-23 17:40:20.597157-04	123	Ingreso exitoso	El usuario 123 ha ingresado al sistema exitosamente.	Usuario
526	2024-11-23 17:41:59.78824-04	almacen	Ingreso exitoso	El usuario almacen ha ingresado al sistema exitosamente.	Usuario
527	2024-11-23 17:42:45.998271-04	123	Ingreso exitoso	El usuario 123 ha ingresado al sistema exitosamente.	Usuario
528	2024-11-23 17:43:18.307072-04	almacen	Entrega de pedido	El usuario almacen ha realizado la entrega del pedido con el ID 71.	Pedidos
529	2024-11-30 21:22:51.084325-04	superadmin	Ingreso exitoso	El usuario superadmin ha ingresado al sistema exitosamente.	Usuario
530	2024-11-30 21:59:47.401819-04	almacen	Ingreso exitoso	El usuario almacen ha ingresado al sistema exitosamente.	Usuario
531	2024-11-30 22:14:09.247438-04	pepe	Ingreso exitoso	El usuario pepe ha ingresado al sistema exitosamente.	Usuario
532	2024-11-30 22:14:16.581044-04	pepe	Seleccionar pedido	El usuario pepe ha seleccionado un pedido con el ID 76.	Pedidos
533	2024-11-30 22:14:33.530626-04	pepe	Realizar pedido	El usuario pepe ha realizado un pedido con el ID 76.	Pedidos
534	2024-11-30 22:18:20.840623-04	pepe	Seleccionar pedido	El usuario pepe ha seleccionado un pedido con el ID 77.	Pedidos
535	2024-11-30 22:18:25.770894-04	pepe	Realizar pedido	El usuario pepe ha realizado un pedido con el ID 77.	Pedidos
536	2024-11-30 22:19:14.499162-04	pepe	Seleccionar pedido	El usuario pepe ha seleccionado un pedido con el ID 78.	Pedidos
537	2024-11-30 22:19:43.286823-04	pepe	Realizar pedido	El usuario pepe ha realizado un pedido con el ID 78.	Pedidos
538	2024-11-30 22:20:25.266138-04	almacen	Ingreso exitoso	El usuario almacen ha ingresado al sistema exitosamente.	Usuario
539	2024-11-30 22:21:42.706591-04	pepe	Ingreso exitoso	El usuario pepe ha ingresado al sistema exitosamente.	Usuario
540	2024-11-30 22:21:58.500602-04	pepe	Seleccionar pedido	El usuario pepe ha seleccionado un pedido con el ID 79.	Pedidos
541	2024-11-30 22:23:21.947976-04	pepe	Realizar pedido	El usuario pepe ha realizado un pedido con el ID 79.	Pedidos
542	2024-11-30 22:23:49.172475-04	unidad	Ingreso exitoso	El usuario unidad ha ingresado al sistema exitosamente.	Usuario
543	2024-11-30 22:29:16.61885-04	almacen	Registro	Se registro una nueva cantidad al material con el código: 200-3060-60	Materiales
544	2024-11-30 22:30:16.1743-04	almacen	Registro	Se registro una nueva cantidad al material con el código: 200-1212-12232024	Materiales
545	2024-11-30 22:30:22.703952-04	unidad	Modificación de pedido	El usuario unidad ha modificado la cantidad del pedido con el ID 79.	Pedidos
546	2024-11-30 22:31:19.966458-04	aux	Ingreso exitoso	El usuario aux ha ingresado al sistema exitosamente.	Usuario
547	2024-11-30 22:31:32.221101-04	123	Ingreso exitoso	El usuario 123 ha ingresado al sistema exitosamente.	Usuario
548	2024-11-30 22:31:59.405972-04	aux	Ingreso exitoso	El usuario aux ha ingresado al sistema exitosamente.	Usuario
549	2024-11-30 22:32:46.740506-04	almacen	Ingreso exitoso	El usuario almacen ha ingresado al sistema exitosamente.	Usuario
550	2024-11-30 22:54:16.799647-04	almacen	Ingreso exitoso	El usuario almacen ha ingresado al sistema exitosamente.	Usuario
551	2024-11-30 23:06:44.997207-04	almacen	Ingreso exitoso	El usuario almacen ha ingresado al sistema exitosamente.	Usuario
552	2024-11-30 23:08:06.119794-04	almacen	Registrado	Se ha creado una nuevo material: Boligrafos con el codigo 300-30-2020	Materiales
553	2024-11-30 23:08:29.536788-04	cardista	Intento de ingreso fallido	El usuario cardista intentó ingresar al sistema, pero la autenticación falló.	Usuario
554	2024-11-30 23:08:37.161615-04	pepe	Ingreso exitoso	El usuario pepe ha ingresado al sistema exitosamente.	Usuario
555	2024-11-30 23:08:40.42776-04	pepe	Seleccionar pedido	El usuario pepe ha seleccionado un pedido con el ID 80.	Pedidos
556	2024-11-30 23:08:42.072027-04	pepe	Realizar pedido	El usuario pepe ha realizado un pedido con el ID 80.	Pedidos
557	2024-11-30 23:09:06.881953-04	unidad	Ingreso exitoso	El usuario unidad ha ingresado al sistema exitosamente.	Usuario
558	2024-11-30 23:09:44.889128-04	123	Ingreso exitoso	El usuario 123 ha ingresado al sistema exitosamente.	Usuario
559	2024-11-30 23:10:01.696367-04	aux	Ingreso exitoso	El usuario aux ha ingresado al sistema exitosamente.	Usuario
560	2024-11-30 23:10:17.748206-04	almacen	Ingreso exitoso	El usuario almacen ha ingresado al sistema exitosamente.	Usuario
561	2024-12-01 15:50:37.288863-04	almacen	Ingreso exitoso	El usuario almacen ha ingresado al sistema exitosamente.	Usuario
562	2024-12-01 16:21:18.519627-04	almacen	Entrega de pedido	El usuario almacen ha realizado la entrega del pedido con el ID 80.	Pedidos
563	2024-12-01 16:23:02.521268-04	aux	Ingreso exitoso	El usuario aux ha ingresado al sistema exitosamente.	Usuario
564	2024-12-01 16:23:08.363405-04	aux	Seleccionar pedido	El usuario aux ha seleccionado un pedido con el ID 81.	Pedidos
565	2024-12-01 16:23:12.604435-04	aux	Realizar pedido	El usuario aux ha realizado un pedido con el ID 81.	Pedidos
566	2024-12-01 16:23:29.813897-04	123	Ingreso exitoso	El usuario 123 ha ingresado al sistema exitosamente.	Usuario
567	2024-12-01 16:23:52.454191-04	almacen	Ingreso exitoso	El usuario almacen ha ingresado al sistema exitosamente.	Usuario
568	2024-12-01 16:24:14.489996-04	almacen	Entrega de pedido	El usuario almacen ha realizado la entrega del pedido con el ID 81.	Pedidos
569	2024-12-01 16:25:36.418539-04	almacen	Ingreso exitoso	El usuario almacen ha ingresado al sistema exitosamente.	Usuario
570	2024-12-01 16:25:58.24599-04	123	Ingreso exitoso	El usuario 123 ha ingresado al sistema exitosamente.	Usuario
571	2024-12-01 16:37:32.655697-04	123	Ingreso exitoso	El usuario 123 ha ingresado al sistema exitosamente.	Usuario
572	2024-12-01 16:39:55.735311-04	almacen	Ingreso exitoso	El usuario almacen ha ingresado al sistema exitosamente.	Usuario
573	2024-12-01 16:43:41.290524-04	superadmin	Intento de ingreso fallido	El usuario superadmin intentó ingresar al sistema, pero la autenticación falló.	Usuario
574	2024-12-01 16:57:01.91527-04	superadmin	Intento de ingreso fallido	El usuario superadmin intentó ingresar al sistema, pero la autenticación falló.	Usuario
575	2024-12-01 16:57:09.28558-04	superadmin	Ingreso exitoso	El usuario superadmin ha ingresado al sistema exitosamente.	Usuario
\.


--
-- Data for Name: materiales_categoria; Type: TABLE DATA; Schema: public; Owner: postgres
--

COPY public.materiales_categoria (id, codigo_clasificacion, nombre, es_habilitado, fecha_creacion) FROM stdin;
3	200	Limpieza	t	2024-10-22
2	1000	Artes Graficas	t	2024-10-14
1	300	Escritorio	t	2024-10-11
\.


--
-- Data for Name: materiales_informacion_material; Type: TABLE DATA; Schema: public; Owner: postgres
--

COPY public.materiales_informacion_material (id, cantidad_paquete, cantidad_paquete_unidad, precio_paquete, precio_unidad, total_precio, cantidad, fecha_creacion, material_id) FROM stdin;
36	3	2	\N	\N	\N	6	2024-11-30 23:08:06.108184-04	57
\.


--
-- Data for Name: materiales_materiales; Type: TABLE DATA; Schema: public; Owner: postgres
--

COPY public.materiales_materiales (id, nombre, codigo, marca, stock, fecha_creacion, "tamaño", color, unidad_medida, material, codigo_paquete, es_habilitado, categoria_id, factura, proveedor_id, gestion, unidad_manejo, cierre_gestion) FROM stdin;
57	Boligrafos	300-30-2020	Sabonis	4	2024-11-30 23:08:06.106056-04	\N	negro	\N	plastico	300-30	t	1	XL2345FTT	1	2024	pieza	0
\.


--
-- Data for Name: pedidos_autorizacion_pedido; Type: TABLE DATA; Schema: public; Owner: postgres
--

COPY public.pedidos_autorizacion_pedido (id, estado_autorizacion, fecha_de_autorizacion, usuario_id, pedido_id) FROM stdin;
155	t	2024-11-30 23:08:42.063058-04	5	80
156	t	2024-11-30 23:09:16.651665-04	3	80
157	t	2024-11-30 23:09:53.502649-04	4	80
158	t	2024-11-30 23:10:08.518273-04	7	80
159	t	2024-11-30 23:10:30.579846-04	2	80
160	t	2024-12-01 16:23:12.585169-04	7	81
161	t	2024-12-01 16:23:12.588331-04	7	81
162	t	2024-12-01 16:23:12.590313-04	7	81
163	t	2024-12-01 16:23:12.591711-04	7	81
164	t	2024-12-01 16:24:08.92752-04	2	81
\.


--
-- Data for Name: pedidos_pedido; Type: TABLE DATA; Schema: public; Owner: postgres
--

COPY public.pedidos_pedido (id, unidad_manejo, numero_pedido, cantidad_pedida, cantidad_entrega, partida_presupuestada, costo_unidad, costo_total, programa, sub_programa, proyecto, act_u_obra, unidad_ejecucion, codigo_presupuesto, sub_cantidad_pedida, codigo_numero, aprobado_unidad, aprobado_oficina, aprobado_almacen, estado_pedido_almacen, estado_de_pedido, fecha_pedido, fecha_entrega_salida, material_id, usuario_id, aprobado_presupuestos, aprobado_cardista, aprobado_cardista_segunda, descripcion, aprobado_cardista_segunda_fecha) FROM stdin;
81		000003	1	1	0.00	0.00	0.00	\N	\N	\N	\N	\N	\N	0	\N	t	t	t	Completada	realizado	2024-12-01 16:23:08.353396-04	2024-12-01 16:24:14.482512-04	57	7	t	t	\N	\N	\N
80		000002	1	1	0.00	12.50	12.50	\N	\N	\N	\N	\N	\N	2	\N	t	t	t	Completada	realizado	2024-11-30 23:08:40.418797-04	2024-12-01 16:21:18.487807-04	57	5	t	t	t	\N	2024-12-01 16:37:50.869743-04
\.


--
-- Data for Name: persona_persona; Type: TABLE DATA; Schema: public; Owner: postgres
--

COPY public.persona_persona (id, cedula_identidad, nombre, apellidos, fecha_creacion) FROM stdin;
7	1233242565	juan carlos	chocllu cruz	2024-10-12 22:54:25.223169-04
5	4323454	luis	lopez	2024-10-11 23:00:04.62627-04
6	123324256	juan carlos	chocllu cruz	2024-10-12 22:51:08.687092-04
9	45765454	aux	pepe	2024-10-14 22:47:12.381423-04
8	754625656	lola	perez	2024-10-12 23:01:15.804045-04
10	6774673782	luis	alfonso	2024-10-22 21:31:43.615531-04
2	7546256	magno	calizaya	2024-10-11 21:55:47.068077-04
1	0000000	Test	test	2024-10-11 21:54:35.746679-04
4	456322	juan carlos	chocllu cruz	2024-10-11 21:57:03.075085-04
11	123456	jhoel	Ramos	2024-10-22 21:32:32.700774-04
13	3242342	juan carlos 2	chocllu cruz	2024-11-30 22:09:53.097174-04
\.


--
-- Data for Name: proveedor_proveedor; Type: TABLE DATA; Schema: public; Owner: postgres
--

COPY public.proveedor_proveedor (id, empresa, nit, telefono, correo, descripcion, pais, direccion, fecha_creacion, es_habilitado, persona_id, ciudad) FROM stdin;
2	tecno	23456789	7352532	m@g.com	hola tecno	Anguilla	Nueva terminal 	2024-10-22 21:31:43.642672-04	f	10	POTOSI
1	432	34	72884186	kimysheeran@gmail.com	prueba	Bolivia	villa Amonia	2024-10-11 21:57:03.078099-04	t	4	sucre
3	mundo	09876543	7747476	foca@gmail.com	hola mundo	Afghanistan	avenida aclo	2024-10-22 21:32:32.717814-04	t	11	LA PAZ
4	HGW	123453213	72884186	kimysheeran@gmail.com		Afghanistan	villa Amonia	2024-11-30 22:09:53.102174-04	t	13	tarija
\.


--
-- Data for Name: usuarios_oficinas; Type: TABLE DATA; Schema: public; Owner: postgres
--

COPY public.usuarios_oficinas (id, nombre, unidad_id, "esHabilitado") FROM stdin;
2	Almacenes	1	t
3	Sistemas	1	t
5	almaceces	1	t
6	Mantenimiento	1	t
7	arhivos	1	t
8	test	4	t
10	pedro	1	t
12	hola	6	t
13	er	6	t
9	HOLA	1	f
14	fff	10	t
4	el gato	2	t
1	Megumi	1	t
\.


--
-- Data for Name: usuarios_secretaria; Type: TABLE DATA; Schema: public; Owner: postgres
--

COPY public.usuarios_secretaria (id, secretaria, "esHabilitado") FROM stdin;
1	Secretaria departamental administrativa financiera	t
2	Madre Tierra	t
3	Financiera	t
5	planaficaicones del desarrllo	t
6	coridinacion general	t
7	obras publicas	t
9	mineria 2	f
8	mineria	f
4	Desarolllo Humano	f
10	prueba	f
\.


--
-- Data for Name: usuarios_unidad; Type: TABLE DATA; Schema: public; Owner: postgres
--

COPY public.usuarios_unidad (id, nombre, secretaria_id, "esHabilitado") FROM stdin;
1	Financiera	1	t
6	bienes y servicios	3	t
8	Activos	3	t
10	presupuestos	3	t
4	contrataciones	3	f
2	el zz	2	t
\.


--
-- Data for Name: usuarios_usuario; Type: TABLE DATA; Schema: public; Owner: postgres
--

COPY public.usuarios_usuario (id, last_login, is_superuser, username, password, email, item, is_staff, cargo, crear, editar, eliminar, rol, es_habilitado, es_activo, persona_id, oficina_id, unidad_id, foto) FROM stdin;
5	2024-11-30 23:08:37.160617-04	f	pepe	pbkdf2_sha256$720000$5Zpk9pDoVYsI8PRgU3Eddn$DONe5XyfNdfdpDR7qNBUve4D8OCijWHbYG1QW9MZAJY=	kimysheeran@gmail.com	asd	True	Encargado_oficina	f	f	f	Usuario	t	t	7	3	1	upload/9.PNG
3	2024-11-30 23:09:06.879951-04	f	unidad	pbkdf2_sha256$720000$oiv9Ds4WC7IafpsCRYvkky$T9+A4B8B81d3MIC+ypmzkSchmSihN0G2doa+REg5nCo=	kimysheeran@gmail.com	\N	True	Director_administrativo	f	f	f	Usuario	t	t	5	3	1	upload/410364380_771388228362102_1185595907600048028_n.jpg
7	2024-12-01 16:23:02.519268-04	f	aux	pbkdf2_sha256$720000$4CIY1TIkRVmhLahaDmQnEl$C4csVsrnuzawY08ThQxYTbz2H4l6oJ89whcxFUgm1g8=	kimy@gmail.com	\N	True	Presupuestos	t	t	f	Auxiliar1	t	t	9	2	1	
6	2024-11-14 21:44:41.256472-04	f	lola	pbkdf2_sha256$720000$DQyDvAOxqgWVzrFgDMPCh3$ZoFdtPiwETaC1KjcZlcEtx1sryWmLmgf1wPt7FCVRlM=	kimysheeran@gmail.com	\N	True	Usuario	f	f	f	Usuario	t	t	8	3	1	upload/Imagen_de_WhatsApp_2024-09-26_a_las_21.41.46_1fc2f3b4.jpg
4	2024-12-01 16:37:32.637071-04	f	123	pbkdf2_sha256$720000$FKxfHpJBWE52qDzRhpXmDc$tpKu4EbOyMLKmW+ZaXXT3YRluVyfqVE+ZWx4eiEXz1s=	kimysheeran@gmail.com	asd	True	Cardista	f	f	f	Usuario	t	t	6	3	1	upload/ttt2.PNG
2	2024-12-01 16:39:55.733409-04	f	almacen	pbkdf2_sha256$720000$MooXW8aiDC5i1BkYx6Zg2g$ut6Ead7MC90AfK+LiQQ1Axbyb472RojtsBVpNigC60E=	kimysheeran@gmail.com	\N	True	Usuario	t	t	t	Administrador	t	t	2	2	1	
1	2024-12-01 16:57:09.282549-04	f	superadmin	pbkdf2_sha256$720000$ySXkCSu6GfPYMS816w2rys$vRl3qQm1M+Rd+NL9ZA2SGaOAei1PaciOVPrXwvLjVRg=	superadmin@gmail.com	\N	True	Usuario	f	f	f	Super_administrador	t	t	1	3	1	
\.


--
-- Data for Name: usuarios_usuario_groups; Type: TABLE DATA; Schema: public; Owner: postgres
--

COPY public.usuarios_usuario_groups (id, usuario_id, group_id) FROM stdin;
\.


--
-- Data for Name: usuarios_usuario_user_permissions; Type: TABLE DATA; Schema: public; Owner: postgres
--

COPY public.usuarios_usuario_user_permissions (id, usuario_id, permission_id) FROM stdin;
\.


--
-- Name: auth_group_id_seq; Type: SEQUENCE SET; Schema: public; Owner: postgres
--

SELECT pg_catalog.setval('public.auth_group_id_seq', 1, false);


--
-- Name: auth_group_permissions_id_seq; Type: SEQUENCE SET; Schema: public; Owner: postgres
--

SELECT pg_catalog.setval('public.auth_group_permissions_id_seq', 1, false);


--
-- Name: auth_permission_id_seq; Type: SEQUENCE SET; Schema: public; Owner: postgres
--

SELECT pg_catalog.setval('public.auth_permission_id_seq', 72, true);


--
-- Name: django_admin_log_id_seq; Type: SEQUENCE SET; Schema: public; Owner: postgres
--

SELECT pg_catalog.setval('public.django_admin_log_id_seq', 1, false);


--
-- Name: django_content_type_id_seq; Type: SEQUENCE SET; Schema: public; Owner: postgres
--

SELECT pg_catalog.setval('public.django_content_type_id_seq', 18, true);


--
-- Name: django_migrations_id_seq; Type: SEQUENCE SET; Schema: public; Owner: postgres
--

SELECT pg_catalog.setval('public.django_migrations_id_seq', 46, true);


--
-- Name: logs_logs_sistema_id_seq; Type: SEQUENCE SET; Schema: public; Owner: postgres
--

SELECT pg_catalog.setval('public.logs_logs_sistema_id_seq', 575, true);


--
-- Name: materiales_categoria_id_seq; Type: SEQUENCE SET; Schema: public; Owner: postgres
--

SELECT pg_catalog.setval('public.materiales_categoria_id_seq', 3, true);


--
-- Name: materiales_informacion_material_id_seq; Type: SEQUENCE SET; Schema: public; Owner: postgres
--

SELECT pg_catalog.setval('public.materiales_informacion_material_id_seq', 36, true);


--
-- Name: materiales_materiales_id_seq; Type: SEQUENCE SET; Schema: public; Owner: postgres
--

SELECT pg_catalog.setval('public.materiales_materiales_id_seq', 57, true);


--
-- Name: pedidos_autorizacion_pedido_id_seq; Type: SEQUENCE SET; Schema: public; Owner: postgres
--

SELECT pg_catalog.setval('public.pedidos_autorizacion_pedido_id_seq', 164, true);


--
-- Name: pedidos_pedido_id_seq; Type: SEQUENCE SET; Schema: public; Owner: postgres
--

SELECT pg_catalog.setval('public.pedidos_pedido_id_seq', 81, true);


--
-- Name: persona_persona_id_seq; Type: SEQUENCE SET; Schema: public; Owner: postgres
--

SELECT pg_catalog.setval('public.persona_persona_id_seq', 13, true);


--
-- Name: proveedor_proveedor_id_seq; Type: SEQUENCE SET; Schema: public; Owner: postgres
--

SELECT pg_catalog.setval('public.proveedor_proveedor_id_seq', 4, true);


--
-- Name: usuarios_oficinas_id_seq; Type: SEQUENCE SET; Schema: public; Owner: postgres
--

SELECT pg_catalog.setval('public.usuarios_oficinas_id_seq', 14, true);


--
-- Name: usuarios_secretaria_id_seq; Type: SEQUENCE SET; Schema: public; Owner: postgres
--

SELECT pg_catalog.setval('public.usuarios_secretaria_id_seq', 10, true);


--
-- Name: usuarios_unidad_id_seq; Type: SEQUENCE SET; Schema: public; Owner: postgres
--

SELECT pg_catalog.setval('public.usuarios_unidad_id_seq', 11, true);


--
-- Name: usuarios_usuario_groups_id_seq; Type: SEQUENCE SET; Schema: public; Owner: postgres
--

SELECT pg_catalog.setval('public.usuarios_usuario_groups_id_seq', 1, false);


--
-- Name: usuarios_usuario_id_seq; Type: SEQUENCE SET; Schema: public; Owner: postgres
--

SELECT pg_catalog.setval('public.usuarios_usuario_id_seq', 7, true);


--
-- Name: usuarios_usuario_user_permissions_id_seq; Type: SEQUENCE SET; Schema: public; Owner: postgres
--

SELECT pg_catalog.setval('public.usuarios_usuario_user_permissions_id_seq', 1, false);


--
-- Name: auth_group auth_group_name_key; Type: CONSTRAINT; Schema: public; Owner: postgres
--

ALTER TABLE ONLY public.auth_group
    ADD CONSTRAINT auth_group_name_key UNIQUE (name);


--
-- Name: auth_group_permissions auth_group_permissions_group_id_permission_id_0cd325b0_uniq; Type: CONSTRAINT; Schema: public; Owner: postgres
--

ALTER TABLE ONLY public.auth_group_permissions
    ADD CONSTRAINT auth_group_permissions_group_id_permission_id_0cd325b0_uniq UNIQUE (group_id, permission_id);


--
-- Name: auth_group_permissions auth_group_permissions_pkey; Type: CONSTRAINT; Schema: public; Owner: postgres
--

ALTER TABLE ONLY public.auth_group_permissions
    ADD CONSTRAINT auth_group_permissions_pkey PRIMARY KEY (id);


--
-- Name: auth_group auth_group_pkey; Type: CONSTRAINT; Schema: public; Owner: postgres
--

ALTER TABLE ONLY public.auth_group
    ADD CONSTRAINT auth_group_pkey PRIMARY KEY (id);


--
-- Name: auth_permission auth_permission_content_type_id_codename_01ab375a_uniq; Type: CONSTRAINT; Schema: public; Owner: postgres
--

ALTER TABLE ONLY public.auth_permission
    ADD CONSTRAINT auth_permission_content_type_id_codename_01ab375a_uniq UNIQUE (content_type_id, codename);


--
-- Name: auth_permission auth_permission_pkey; Type: CONSTRAINT; Schema: public; Owner: postgres
--

ALTER TABLE ONLY public.auth_permission
    ADD CONSTRAINT auth_permission_pkey PRIMARY KEY (id);


--
-- Name: django_admin_log django_admin_log_pkey; Type: CONSTRAINT; Schema: public; Owner: postgres
--

ALTER TABLE ONLY public.django_admin_log
    ADD CONSTRAINT django_admin_log_pkey PRIMARY KEY (id);


--
-- Name: django_content_type django_content_type_app_label_model_76bd3d3b_uniq; Type: CONSTRAINT; Schema: public; Owner: postgres
--

ALTER TABLE ONLY public.django_content_type
    ADD CONSTRAINT django_content_type_app_label_model_76bd3d3b_uniq UNIQUE (app_label, model);


--
-- Name: django_content_type django_content_type_pkey; Type: CONSTRAINT; Schema: public; Owner: postgres
--

ALTER TABLE ONLY public.django_content_type
    ADD CONSTRAINT django_content_type_pkey PRIMARY KEY (id);


--
-- Name: django_migrations django_migrations_pkey; Type: CONSTRAINT; Schema: public; Owner: postgres
--

ALTER TABLE ONLY public.django_migrations
    ADD CONSTRAINT django_migrations_pkey PRIMARY KEY (id);


--
-- Name: django_session django_session_pkey; Type: CONSTRAINT; Schema: public; Owner: postgres
--

ALTER TABLE ONLY public.django_session
    ADD CONSTRAINT django_session_pkey PRIMARY KEY (session_key);


--
-- Name: logs_logs_sistema logs_logs_sistema_pkey; Type: CONSTRAINT; Schema: public; Owner: postgres
--

ALTER TABLE ONLY public.logs_logs_sistema
    ADD CONSTRAINT logs_logs_sistema_pkey PRIMARY KEY (id);


--
-- Name: materiales_categoria materiales_categoria_codigo_clasificacion_key; Type: CONSTRAINT; Schema: public; Owner: postgres
--

ALTER TABLE ONLY public.materiales_categoria
    ADD CONSTRAINT materiales_categoria_codigo_clasificacion_key UNIQUE (codigo_clasificacion);


--
-- Name: materiales_categoria materiales_categoria_nombre_key; Type: CONSTRAINT; Schema: public; Owner: postgres
--

ALTER TABLE ONLY public.materiales_categoria
    ADD CONSTRAINT materiales_categoria_nombre_key UNIQUE (nombre);


--
-- Name: materiales_categoria materiales_categoria_pkey; Type: CONSTRAINT; Schema: public; Owner: postgres
--

ALTER TABLE ONLY public.materiales_categoria
    ADD CONSTRAINT materiales_categoria_pkey PRIMARY KEY (id);


--
-- Name: materiales_informacion_material materiales_informacion_material_pkey; Type: CONSTRAINT; Schema: public; Owner: postgres
--

ALTER TABLE ONLY public.materiales_informacion_material
    ADD CONSTRAINT materiales_informacion_material_pkey PRIMARY KEY (id);


--
-- Name: materiales_materiales materiales_materiales_pkey; Type: CONSTRAINT; Schema: public; Owner: postgres
--

ALTER TABLE ONLY public.materiales_materiales
    ADD CONSTRAINT materiales_materiales_pkey PRIMARY KEY (id);


--
-- Name: pedidos_autorizacion_pedido pedidos_autorizacion_pedido_pkey; Type: CONSTRAINT; Schema: public; Owner: postgres
--

ALTER TABLE ONLY public.pedidos_autorizacion_pedido
    ADD CONSTRAINT pedidos_autorizacion_pedido_pkey PRIMARY KEY (id);


--
-- Name: pedidos_pedido pedidos_pedido_pkey; Type: CONSTRAINT; Schema: public; Owner: postgres
--

ALTER TABLE ONLY public.pedidos_pedido
    ADD CONSTRAINT pedidos_pedido_pkey PRIMARY KEY (id);


--
-- Name: persona_persona persona_persona_cedula_identidad_key; Type: CONSTRAINT; Schema: public; Owner: postgres
--

ALTER TABLE ONLY public.persona_persona
    ADD CONSTRAINT persona_persona_cedula_identidad_key UNIQUE (cedula_identidad);


--
-- Name: persona_persona persona_persona_pkey; Type: CONSTRAINT; Schema: public; Owner: postgres
--

ALTER TABLE ONLY public.persona_persona
    ADD CONSTRAINT persona_persona_pkey PRIMARY KEY (id);


--
-- Name: proveedor_proveedor proveedor_proveedor_pkey; Type: CONSTRAINT; Schema: public; Owner: postgres
--

ALTER TABLE ONLY public.proveedor_proveedor
    ADD CONSTRAINT proveedor_proveedor_pkey PRIMARY KEY (id);


--
-- Name: usuarios_oficinas usuarios_oficinas_nombre_key; Type: CONSTRAINT; Schema: public; Owner: postgres
--

ALTER TABLE ONLY public.usuarios_oficinas
    ADD CONSTRAINT usuarios_oficinas_nombre_key UNIQUE (nombre);


--
-- Name: usuarios_oficinas usuarios_oficinas_pkey; Type: CONSTRAINT; Schema: public; Owner: postgres
--

ALTER TABLE ONLY public.usuarios_oficinas
    ADD CONSTRAINT usuarios_oficinas_pkey PRIMARY KEY (id);


--
-- Name: usuarios_secretaria usuarios_secretaria_pkey; Type: CONSTRAINT; Schema: public; Owner: postgres
--

ALTER TABLE ONLY public.usuarios_secretaria
    ADD CONSTRAINT usuarios_secretaria_pkey PRIMARY KEY (id);


--
-- Name: usuarios_secretaria usuarios_secretaria_secretaria_key; Type: CONSTRAINT; Schema: public; Owner: postgres
--

ALTER TABLE ONLY public.usuarios_secretaria
    ADD CONSTRAINT usuarios_secretaria_secretaria_key UNIQUE (secretaria);


--
-- Name: usuarios_unidad usuarios_unidad_nombre_key; Type: CONSTRAINT; Schema: public; Owner: postgres
--

ALTER TABLE ONLY public.usuarios_unidad
    ADD CONSTRAINT usuarios_unidad_nombre_key UNIQUE (nombre);


--
-- Name: usuarios_unidad usuarios_unidad_pkey; Type: CONSTRAINT; Schema: public; Owner: postgres
--

ALTER TABLE ONLY public.usuarios_unidad
    ADD CONSTRAINT usuarios_unidad_pkey PRIMARY KEY (id);


--
-- Name: usuarios_usuario_groups usuarios_usuario_groups_pkey; Type: CONSTRAINT; Schema: public; Owner: postgres
--

ALTER TABLE ONLY public.usuarios_usuario_groups
    ADD CONSTRAINT usuarios_usuario_groups_pkey PRIMARY KEY (id);


--
-- Name: usuarios_usuario_groups usuarios_usuario_groups_usuario_id_group_id_4ed5b09e_uniq; Type: CONSTRAINT; Schema: public; Owner: postgres
--

ALTER TABLE ONLY public.usuarios_usuario_groups
    ADD CONSTRAINT usuarios_usuario_groups_usuario_id_group_id_4ed5b09e_uniq UNIQUE (usuario_id, group_id);


--
-- Name: usuarios_usuario usuarios_usuario_pkey; Type: CONSTRAINT; Schema: public; Owner: postgres
--

ALTER TABLE ONLY public.usuarios_usuario
    ADD CONSTRAINT usuarios_usuario_pkey PRIMARY KEY (id);


--
-- Name: usuarios_usuario_user_permissions usuarios_usuario_user_pe_usuario_id_permission_id_217cadcd_uniq; Type: CONSTRAINT; Schema: public; Owner: postgres
--

ALTER TABLE ONLY public.usuarios_usuario_user_permissions
    ADD CONSTRAINT usuarios_usuario_user_pe_usuario_id_permission_id_217cadcd_uniq UNIQUE (usuario_id, permission_id);


--
-- Name: usuarios_usuario_user_permissions usuarios_usuario_user_permissions_pkey; Type: CONSTRAINT; Schema: public; Owner: postgres
--

ALTER TABLE ONLY public.usuarios_usuario_user_permissions
    ADD CONSTRAINT usuarios_usuario_user_permissions_pkey PRIMARY KEY (id);


--
-- Name: usuarios_usuario usuarios_usuario_username_key; Type: CONSTRAINT; Schema: public; Owner: postgres
--

ALTER TABLE ONLY public.usuarios_usuario
    ADD CONSTRAINT usuarios_usuario_username_key UNIQUE (username);


--
-- Name: auth_group_name_a6ea08ec_like; Type: INDEX; Schema: public; Owner: postgres
--

CREATE INDEX auth_group_name_a6ea08ec_like ON public.auth_group USING btree (name varchar_pattern_ops);


--
-- Name: auth_group_permissions_group_id_b120cbf9; Type: INDEX; Schema: public; Owner: postgres
--

CREATE INDEX auth_group_permissions_group_id_b120cbf9 ON public.auth_group_permissions USING btree (group_id);


--
-- Name: auth_group_permissions_permission_id_84c5c92e; Type: INDEX; Schema: public; Owner: postgres
--

CREATE INDEX auth_group_permissions_permission_id_84c5c92e ON public.auth_group_permissions USING btree (permission_id);


--
-- Name: auth_permission_content_type_id_2f476e4b; Type: INDEX; Schema: public; Owner: postgres
--

CREATE INDEX auth_permission_content_type_id_2f476e4b ON public.auth_permission USING btree (content_type_id);


--
-- Name: django_admin_log_content_type_id_c4bce8eb; Type: INDEX; Schema: public; Owner: postgres
--

CREATE INDEX django_admin_log_content_type_id_c4bce8eb ON public.django_admin_log USING btree (content_type_id);


--
-- Name: django_admin_log_user_id_c564eba6; Type: INDEX; Schema: public; Owner: postgres
--

CREATE INDEX django_admin_log_user_id_c564eba6 ON public.django_admin_log USING btree (user_id);


--
-- Name: django_session_expire_date_a5c62663; Type: INDEX; Schema: public; Owner: postgres
--

CREATE INDEX django_session_expire_date_a5c62663 ON public.django_session USING btree (expire_date);


--
-- Name: django_session_session_key_c0390e0f_like; Type: INDEX; Schema: public; Owner: postgres
--

CREATE INDEX django_session_session_key_c0390e0f_like ON public.django_session USING btree (session_key varchar_pattern_ops);


--
-- Name: materiales_categoria_codigo_clasificacion_5b8e806d_like; Type: INDEX; Schema: public; Owner: postgres
--

CREATE INDEX materiales_categoria_codigo_clasificacion_5b8e806d_like ON public.materiales_categoria USING btree (codigo_clasificacion varchar_pattern_ops);


--
-- Name: materiales_categoria_nombre_2c0c2420_like; Type: INDEX; Schema: public; Owner: postgres
--

CREATE INDEX materiales_categoria_nombre_2c0c2420_like ON public.materiales_categoria USING btree (nombre varchar_pattern_ops);


--
-- Name: materiales_informacion_material_material_id_29cc4fbc; Type: INDEX; Schema: public; Owner: postgres
--

CREATE INDEX materiales_informacion_material_material_id_29cc4fbc ON public.materiales_informacion_material USING btree (material_id);


--
-- Name: materiales_materiales_categoria_id_9cea89db; Type: INDEX; Schema: public; Owner: postgres
--

CREATE INDEX materiales_materiales_categoria_id_9cea89db ON public.materiales_materiales USING btree (categoria_id);


--
-- Name: materiales_materiales_proveedor_id_57eb12c9; Type: INDEX; Schema: public; Owner: postgres
--

CREATE INDEX materiales_materiales_proveedor_id_57eb12c9 ON public.materiales_materiales USING btree (proveedor_id);


--
-- Name: pedidos_autorizacion_pedido_pedido_id_8d061b1b; Type: INDEX; Schema: public; Owner: postgres
--

CREATE INDEX pedidos_autorizacion_pedido_pedido_id_8d061b1b ON public.pedidos_autorizacion_pedido USING btree (pedido_id);


--
-- Name: pedidos_autorizacion_pedido_usuario_id_4e76d6ef; Type: INDEX; Schema: public; Owner: postgres
--

CREATE INDEX pedidos_autorizacion_pedido_usuario_id_4e76d6ef ON public.pedidos_autorizacion_pedido USING btree (usuario_id);


--
-- Name: pedidos_pedido_material_id_7f229d65; Type: INDEX; Schema: public; Owner: postgres
--

CREATE INDEX pedidos_pedido_material_id_7f229d65 ON public.pedidos_pedido USING btree (material_id);


--
-- Name: pedidos_pedido_usuario_id_316c8bf5; Type: INDEX; Schema: public; Owner: postgres
--

CREATE INDEX pedidos_pedido_usuario_id_316c8bf5 ON public.pedidos_pedido USING btree (usuario_id);


--
-- Name: persona_persona_cedula_identidad_f4ca3b09_like; Type: INDEX; Schema: public; Owner: postgres
--

CREATE INDEX persona_persona_cedula_identidad_f4ca3b09_like ON public.persona_persona USING btree (cedula_identidad varchar_pattern_ops);


--
-- Name: proveedor_proveedor_persona_id_e4e48198; Type: INDEX; Schema: public; Owner: postgres
--

CREATE INDEX proveedor_proveedor_persona_id_e4e48198 ON public.proveedor_proveedor USING btree (persona_id);


--
-- Name: usuarios_oficinas_nombre_3d7e33f5_like; Type: INDEX; Schema: public; Owner: postgres
--

CREATE INDEX usuarios_oficinas_nombre_3d7e33f5_like ON public.usuarios_oficinas USING btree (nombre varchar_pattern_ops);


--
-- Name: usuarios_oficinas_unidad_id_3b729f95; Type: INDEX; Schema: public; Owner: postgres
--

CREATE INDEX usuarios_oficinas_unidad_id_3b729f95 ON public.usuarios_oficinas USING btree (unidad_id);


--
-- Name: usuarios_secretaria_secretaria_d97c9950_like; Type: INDEX; Schema: public; Owner: postgres
--

CREATE INDEX usuarios_secretaria_secretaria_d97c9950_like ON public.usuarios_secretaria USING btree (secretaria varchar_pattern_ops);


--
-- Name: usuarios_unidad_nombre_51c51c51_like; Type: INDEX; Schema: public; Owner: postgres
--

CREATE INDEX usuarios_unidad_nombre_51c51c51_like ON public.usuarios_unidad USING btree (nombre varchar_pattern_ops);


--
-- Name: usuarios_unidad_secretaria_id_6bc5e21b; Type: INDEX; Schema: public; Owner: postgres
--

CREATE INDEX usuarios_unidad_secretaria_id_6bc5e21b ON public.usuarios_unidad USING btree (secretaria_id);


--
-- Name: usuarios_usuario_groups_group_id_e77f6dcf; Type: INDEX; Schema: public; Owner: postgres
--

CREATE INDEX usuarios_usuario_groups_group_id_e77f6dcf ON public.usuarios_usuario_groups USING btree (group_id);


--
-- Name: usuarios_usuario_groups_usuario_id_7a34077f; Type: INDEX; Schema: public; Owner: postgres
--

CREATE INDEX usuarios_usuario_groups_usuario_id_7a34077f ON public.usuarios_usuario_groups USING btree (usuario_id);


--
-- Name: usuarios_usuario_oficina_id_29193955; Type: INDEX; Schema: public; Owner: postgres
--

CREATE INDEX usuarios_usuario_oficina_id_29193955 ON public.usuarios_usuario USING btree (oficina_id);


--
-- Name: usuarios_usuario_persona_id_3584dc9c; Type: INDEX; Schema: public; Owner: postgres
--

CREATE INDEX usuarios_usuario_persona_id_3584dc9c ON public.usuarios_usuario USING btree (persona_id);


--
-- Name: usuarios_usuario_unidad_id_0da0eb0d; Type: INDEX; Schema: public; Owner: postgres
--

CREATE INDEX usuarios_usuario_unidad_id_0da0eb0d ON public.usuarios_usuario USING btree (unidad_id);


--
-- Name: usuarios_usuario_user_permissions_permission_id_4e5c0f2f; Type: INDEX; Schema: public; Owner: postgres
--

CREATE INDEX usuarios_usuario_user_permissions_permission_id_4e5c0f2f ON public.usuarios_usuario_user_permissions USING btree (permission_id);


--
-- Name: usuarios_usuario_user_permissions_usuario_id_60aeea80; Type: INDEX; Schema: public; Owner: postgres
--

CREATE INDEX usuarios_usuario_user_permissions_usuario_id_60aeea80 ON public.usuarios_usuario_user_permissions USING btree (usuario_id);


--
-- Name: usuarios_usuario_username_be9def2b_like; Type: INDEX; Schema: public; Owner: postgres
--

CREATE INDEX usuarios_usuario_username_be9def2b_like ON public.usuarios_usuario USING btree (username varchar_pattern_ops);


--
-- Name: auth_group_permissions auth_group_permissio_permission_id_84c5c92e_fk_auth_perm; Type: FK CONSTRAINT; Schema: public; Owner: postgres
--

ALTER TABLE ONLY public.auth_group_permissions
    ADD CONSTRAINT auth_group_permissio_permission_id_84c5c92e_fk_auth_perm FOREIGN KEY (permission_id) REFERENCES public.auth_permission(id) DEFERRABLE INITIALLY DEFERRED;


--
-- Name: auth_group_permissions auth_group_permissions_group_id_b120cbf9_fk_auth_group_id; Type: FK CONSTRAINT; Schema: public; Owner: postgres
--

ALTER TABLE ONLY public.auth_group_permissions
    ADD CONSTRAINT auth_group_permissions_group_id_b120cbf9_fk_auth_group_id FOREIGN KEY (group_id) REFERENCES public.auth_group(id) DEFERRABLE INITIALLY DEFERRED;


--
-- Name: auth_permission auth_permission_content_type_id_2f476e4b_fk_django_co; Type: FK CONSTRAINT; Schema: public; Owner: postgres
--

ALTER TABLE ONLY public.auth_permission
    ADD CONSTRAINT auth_permission_content_type_id_2f476e4b_fk_django_co FOREIGN KEY (content_type_id) REFERENCES public.django_content_type(id) DEFERRABLE INITIALLY DEFERRED;


--
-- Name: django_admin_log django_admin_log_content_type_id_c4bce8eb_fk_django_co; Type: FK CONSTRAINT; Schema: public; Owner: postgres
--

ALTER TABLE ONLY public.django_admin_log
    ADD CONSTRAINT django_admin_log_content_type_id_c4bce8eb_fk_django_co FOREIGN KEY (content_type_id) REFERENCES public.django_content_type(id) DEFERRABLE INITIALLY DEFERRED;


--
-- Name: django_admin_log django_admin_log_user_id_c564eba6_fk_usuarios_usuario_id; Type: FK CONSTRAINT; Schema: public; Owner: postgres
--

ALTER TABLE ONLY public.django_admin_log
    ADD CONSTRAINT django_admin_log_user_id_c564eba6_fk_usuarios_usuario_id FOREIGN KEY (user_id) REFERENCES public.usuarios_usuario(id) DEFERRABLE INITIALLY DEFERRED;


--
-- Name: materiales_informacion_material materiales_informaci_material_id_29cc4fbc_fk_materiale; Type: FK CONSTRAINT; Schema: public; Owner: postgres
--

ALTER TABLE ONLY public.materiales_informacion_material
    ADD CONSTRAINT materiales_informaci_material_id_29cc4fbc_fk_materiale FOREIGN KEY (material_id) REFERENCES public.materiales_materiales(id) DEFERRABLE INITIALLY DEFERRED;


--
-- Name: materiales_materiales materiales_materiale_categoria_id_9cea89db_fk_materiale; Type: FK CONSTRAINT; Schema: public; Owner: postgres
--

ALTER TABLE ONLY public.materiales_materiales
    ADD CONSTRAINT materiales_materiale_categoria_id_9cea89db_fk_materiale FOREIGN KEY (categoria_id) REFERENCES public.materiales_categoria(id) DEFERRABLE INITIALLY DEFERRED;


--
-- Name: materiales_materiales materiales_materiale_proveedor_id_57eb12c9_fk_proveedor; Type: FK CONSTRAINT; Schema: public; Owner: postgres
--

ALTER TABLE ONLY public.materiales_materiales
    ADD CONSTRAINT materiales_materiale_proveedor_id_57eb12c9_fk_proveedor FOREIGN KEY (proveedor_id) REFERENCES public.proveedor_proveedor(id) DEFERRABLE INITIALLY DEFERRED;


--
-- Name: pedidos_autorizacion_pedido pedidos_autorizacion_pedido_id_8d061b1b_fk_pedidos_p; Type: FK CONSTRAINT; Schema: public; Owner: postgres
--

ALTER TABLE ONLY public.pedidos_autorizacion_pedido
    ADD CONSTRAINT pedidos_autorizacion_pedido_id_8d061b1b_fk_pedidos_p FOREIGN KEY (pedido_id) REFERENCES public.pedidos_pedido(id) DEFERRABLE INITIALLY DEFERRED;


--
-- Name: pedidos_autorizacion_pedido pedidos_autorizacion_usuario_id_4e76d6ef_fk_usuarios_; Type: FK CONSTRAINT; Schema: public; Owner: postgres
--

ALTER TABLE ONLY public.pedidos_autorizacion_pedido
    ADD CONSTRAINT pedidos_autorizacion_usuario_id_4e76d6ef_fk_usuarios_ FOREIGN KEY (usuario_id) REFERENCES public.usuarios_usuario(id) DEFERRABLE INITIALLY DEFERRED;


--
-- Name: pedidos_pedido pedidos_pedido_material_id_7f229d65_fk_materiales_materiales_id; Type: FK CONSTRAINT; Schema: public; Owner: postgres
--

ALTER TABLE ONLY public.pedidos_pedido
    ADD CONSTRAINT pedidos_pedido_material_id_7f229d65_fk_materiales_materiales_id FOREIGN KEY (material_id) REFERENCES public.materiales_materiales(id) DEFERRABLE INITIALLY DEFERRED;


--
-- Name: pedidos_pedido pedidos_pedido_usuario_id_316c8bf5_fk_usuarios_usuario_id; Type: FK CONSTRAINT; Schema: public; Owner: postgres
--

ALTER TABLE ONLY public.pedidos_pedido
    ADD CONSTRAINT pedidos_pedido_usuario_id_316c8bf5_fk_usuarios_usuario_id FOREIGN KEY (usuario_id) REFERENCES public.usuarios_usuario(id) DEFERRABLE INITIALLY DEFERRED;


--
-- Name: proveedor_proveedor proveedor_proveedor_persona_id_e4e48198_fk_persona_persona_id; Type: FK CONSTRAINT; Schema: public; Owner: postgres
--

ALTER TABLE ONLY public.proveedor_proveedor
    ADD CONSTRAINT proveedor_proveedor_persona_id_e4e48198_fk_persona_persona_id FOREIGN KEY (persona_id) REFERENCES public.persona_persona(id) DEFERRABLE INITIALLY DEFERRED;


--
-- Name: usuarios_oficinas usuarios_oficinas_unidad_id_3b729f95_fk_usuarios_unidad_id; Type: FK CONSTRAINT; Schema: public; Owner: postgres
--

ALTER TABLE ONLY public.usuarios_oficinas
    ADD CONSTRAINT usuarios_oficinas_unidad_id_3b729f95_fk_usuarios_unidad_id FOREIGN KEY (unidad_id) REFERENCES public.usuarios_unidad(id) DEFERRABLE INITIALLY DEFERRED;


--
-- Name: usuarios_unidad usuarios_unidad_secretaria_id_6bc5e21b_fk_usuarios_; Type: FK CONSTRAINT; Schema: public; Owner: postgres
--

ALTER TABLE ONLY public.usuarios_unidad
    ADD CONSTRAINT usuarios_unidad_secretaria_id_6bc5e21b_fk_usuarios_ FOREIGN KEY (secretaria_id) REFERENCES public.usuarios_secretaria(id) DEFERRABLE INITIALLY DEFERRED;


--
-- Name: usuarios_usuario_groups usuarios_usuario_gro_usuario_id_7a34077f_fk_usuarios_; Type: FK CONSTRAINT; Schema: public; Owner: postgres
--

ALTER TABLE ONLY public.usuarios_usuario_groups
    ADD CONSTRAINT usuarios_usuario_gro_usuario_id_7a34077f_fk_usuarios_ FOREIGN KEY (usuario_id) REFERENCES public.usuarios_usuario(id) DEFERRABLE INITIALLY DEFERRED;


--
-- Name: usuarios_usuario_groups usuarios_usuario_groups_group_id_e77f6dcf_fk_auth_group_id; Type: FK CONSTRAINT; Schema: public; Owner: postgres
--

ALTER TABLE ONLY public.usuarios_usuario_groups
    ADD CONSTRAINT usuarios_usuario_groups_group_id_e77f6dcf_fk_auth_group_id FOREIGN KEY (group_id) REFERENCES public.auth_group(id) DEFERRABLE INITIALLY DEFERRED;


--
-- Name: usuarios_usuario usuarios_usuario_oficina_id_29193955_fk_usuarios_oficinas_id; Type: FK CONSTRAINT; Schema: public; Owner: postgres
--

ALTER TABLE ONLY public.usuarios_usuario
    ADD CONSTRAINT usuarios_usuario_oficina_id_29193955_fk_usuarios_oficinas_id FOREIGN KEY (oficina_id) REFERENCES public.usuarios_oficinas(id) DEFERRABLE INITIALLY DEFERRED;


--
-- Name: usuarios_usuario usuarios_usuario_persona_id_3584dc9c_fk_persona_persona_id; Type: FK CONSTRAINT; Schema: public; Owner: postgres
--

ALTER TABLE ONLY public.usuarios_usuario
    ADD CONSTRAINT usuarios_usuario_persona_id_3584dc9c_fk_persona_persona_id FOREIGN KEY (persona_id) REFERENCES public.persona_persona(id) DEFERRABLE INITIALLY DEFERRED;


--
-- Name: usuarios_usuario usuarios_usuario_unidad_id_0da0eb0d_fk_usuarios_unidad_id; Type: FK CONSTRAINT; Schema: public; Owner: postgres
--

ALTER TABLE ONLY public.usuarios_usuario
    ADD CONSTRAINT usuarios_usuario_unidad_id_0da0eb0d_fk_usuarios_unidad_id FOREIGN KEY (unidad_id) REFERENCES public.usuarios_unidad(id) DEFERRABLE INITIALLY DEFERRED;


--
-- Name: usuarios_usuario_user_permissions usuarios_usuario_use_permission_id_4e5c0f2f_fk_auth_perm; Type: FK CONSTRAINT; Schema: public; Owner: postgres
--

ALTER TABLE ONLY public.usuarios_usuario_user_permissions
    ADD CONSTRAINT usuarios_usuario_use_permission_id_4e5c0f2f_fk_auth_perm FOREIGN KEY (permission_id) REFERENCES public.auth_permission(id) DEFERRABLE INITIALLY DEFERRED;


--
-- Name: usuarios_usuario_user_permissions usuarios_usuario_use_usuario_id_60aeea80_fk_usuarios_; Type: FK CONSTRAINT; Schema: public; Owner: postgres
--

ALTER TABLE ONLY public.usuarios_usuario_user_permissions
    ADD CONSTRAINT usuarios_usuario_use_usuario_id_60aeea80_fk_usuarios_ FOREIGN KEY (usuario_id) REFERENCES public.usuarios_usuario(id) DEFERRABLE INITIALLY DEFERRED;


--
-- PostgreSQL database dump complete
--

